-1.8165519,-1.4777012,-2.6348038,-0.32113647,-0.14155579,0.12107849,-12.599182,20.639038,-43.319702,2.2531245,3.489202,8.883653,1423619458463399326
-2.2668061,-1.5827489,-2.6606703,-0.4493103,-0.17680359,0.18623352,-12.599182,20.639038,-43.319702,2.262429,3.4611368,8.892262,1423619458473317538
-2.1858838,-1.6035008,-2.2814856,-0.5742798,-0.15544128,0.24711609,-12.719727,20.878601,-42.89856,2.2781887,3.4224398,8.90321,1423619458483571445
-1.903291,-1.5122113,-1.545578,-0.6437073,-0.108444214,0.27809143,-12.719727,20.878601,-42.89856,2.2976751,3.3688893,8.918613,1423619458493520175
-1.8102229,-1.493484,-1.049901,-0.6522522,-0.07640076,0.29197693,-12.658691,21.299744,-42.83905,2.3148525,3.3066761,8.937435,1423619458503682529
-1.8691249,-1.4359567,-1.0456133,-0.63409424,-0.092422485,0.29945374,-12.658691,21.299744,-42.83905,2.3293386,3.239027,8.958419,1423619458513600742
-2.0016718,-1.3825922,-1.0974216,-0.61273193,-0.13087463,0.311203,-12.89978,21.539307,-42.77954,2.3425617,3.1731079,8.97854,1423619458523824130
-2.1145341,-1.5247157,-0.7098198,-0.57962036,-0.13835144,0.33470154,-12.89978,21.539307,-42.77954,2.3585,3.106025,8.997804,1423619458533742343
-2.2277582,-1.6537409,-0.6769924,-0.5550537,-0.12232971,0.35820007,-13.018799,22.019958,-42.539978,2.3759942,3.0424094,9.01492,1423619458543965732
-2.3249052,-1.6424353,-0.66248703,-0.5614624,-0.07319641,0.37101746,-13.018799,22.019958,-42.539978,2.3940787,2.9788508,9.031346,1423619458553914462
-2.452971,-1.5665946,-0.92082405,-0.60739136,-0.0027008057,0.38276672,-12.838745,22.558594,-42.059326,2.408792,2.9174922,9.04745,1423619458564107333
-2.6529062,-1.5542622,-1.2947273,-0.68429565,0.042160034,0.39024353,-12.838745,22.558594,-42.059326,2.4183571,2.8520937,9.065732,1423619458574025546
-2.990343,-1.6980088,-1.6130075,-0.78256226,0.044296265,0.42655945,-12.89978,22.979736,-41.63971,2.421782,2.7823884,9.086455,1423619458584248935
-3.3490849,-1.9419594,-1.6415768,-0.88723755,0.018661499,0.5013275,-12.89978,22.979736,-41.63971,2.4228582,2.701219,9.110629,1423619458594197665
-3.396726,-1.9795287,-1.369709,-0.9673462,-0.030471802,0.5931854,-12.89978,23.579407,-41.159058,2.4256759,2.611095,9.136119,1423619458604390537
-3.2028701,-1.8720524,-0.76018333,-1.002594,-0.09883118,0.6754303,-12.89978,23.579407,-41.159058,2.4340663,2.5076892,9.162816,1423619458614339267
-2.9105186,-1.733433,0.022773743,-0.9961853,-0.1490326,0.73417664,-12.89978,23.999023,-40.25879,2.4492621,2.3987756,9.187893,1423619458624532138
-2.5513039,-1.5676906,0.88509274,-0.94384766,-0.15116882,0.765152,-12.89978,23.999023,-40.25879,2.4718754,2.2836332,9.211147,1423619458634480869
-2.4561388,-1.5855615,1.0264225,-0.9053955,-0.1490326,0.7875824,-12.779236,24.539185,-39.779663,2.4965637,2.1722286,9.231413,1423619458644673740
-2.5683076,-1.658581,0.6645403,-0.9139404,-0.16184998,0.8292389,-12.779236,24.539185,-39.779663,2.5217261,2.0614107,9.249966,1423619458654622470
-2.5147297,-1.5668428,0.7981405,-0.9406433,-0.17466736,0.87409973,-12.838745,25.318909,-38.879395,2.5464773,1.9535017,9.266589,1423619458664815341
-2.3504775,-1.4826235,1.3536015,-0.94384766,-0.1639862,0.91041565,-12.838745,25.318909,-38.879395,2.5732026,1.8398108,9.282463,1423619458674733554
-2.1179683,-1.4545847,1.8234262,-0.93637085,-0.14048767,0.93925476,-12.599182,25.979614,-38.038635,2.5991693,1.7261523,9.297049,1423619458684987460
-1.8209193,-1.3173026,1.9730558,-0.9331665,-0.12446594,0.94673157,-12.599182,25.979614,-38.038635,2.6246867,1.6080009,9.311055,1423619458694905673
-1.7144792,-1.1398607,2.0818415,-1.0068665,-0.058242798,0.9275055,-12.419128,26.69983,-36.95984,2.6467347,1.4936721,9.323847,1423619458705098544
-1.7855675,-0.9822612,2.0696545,-1.0891113,0.010116577,0.9275055,-12.419128,26.69983,-36.95984,2.6642652,1.3731759,9.337369,1423619458715047275
-1.8744524,-0.94040334,2.1808033,-1.1446533,0.052841187,0.9349823,-12.359619,27.539063,-36.11908,2.6734624,1.2483339,9.352254,1423619458725240146
-1.7503903,-0.9134902,2.5978737,-1.1296997,0.057113647,0.95848083,-12.359619,27.539063,-36.11908,2.6765902,1.1135713,9.368361,1423619458735188876
-1.8368065,-0.9632337,3.3223915,-1.0164795,0.06352234,0.99586487,-12.359619,28.318787,-35.21881,2.6755657,0.9792465,9.383646,1423619458745381747
-1.8301802,-0.9672325,4.534734,-0.8690796,0.07206726,1.0578156,-12.359619,28.318787,-35.21881,2.6723766,0.84667444,9.397443,1423619458755330478
-2.053375,-1.1229004,5.1612053,-0.7569275,0.07633972,1.1368561,-12.298584,28.73993,-34.379578,2.666606,0.72760236,9.409049,1423619458765523349
-2.1630783,-1.0567065,5.052842,-0.7142029,0.1169281,1.2137604,-12.298584,28.73993,-34.379578,2.6593387,0.61649036,9.419036,1423619458775472079
-1.9240942,-0.7064345,5.071492,-0.743042,0.22053528,1.2607574,-12.059021,29.278564,-33.659363,2.649715,0.51412,9.427889,1423619458785664951
-1.271611,-0.3593913,5.2015753,-0.8146057,0.37754822,1.2821198,-12.059021,29.278564,-33.659363,2.6335814,0.40927503,9.437538,1423619458795613681
-0.7509537,-0.11213988,5.483034,-0.8786926,0.5302887,1.2554169,-11.698914,29.87976,-32.998657,2.6053038,0.30213672,9.449418,1423619458805837070
-0.055056572,0.22350906,5.798155,-0.88082886,0.607193,1.1881256,-11.698914,29.87976,-32.998657,2.5614107,0.18680552,9.46439,1423619458815724765
-1.6880035E-4,0.41719842,6.773612,-0.7921753,0.5847626,1.1571503,-11.51886,30.479431,-32.27997,2.506119,0.07441385,9.480729,1423619458825978671
-0.4270556,0.16113897,7.398844,-0.62768555,0.5110626,1.1870575,-11.51886,30.479431,-32.27997,2.4435158,-0.03658802,9.497277,1423619458835896884
-0.64899325,-0.044209614,7.487483,-0.47387695,0.44483948,1.2735748,-11.338806,31.079102,-31.498718,2.3854926,-0.1317369,9.511175,1423619458846120273
-0.54305005,0.07148825,7.5090475,-0.37026978,0.42240906,1.3825226,-11.338806,31.079102,-31.498718,2.3316898,-0.2147286,9.522999,1423619458856038486
0.009386063,0.3386904,7.8919687,-0.29122925,0.47688293,1.4733124,-10.85968,31.559753,-31.199646,2.2833786,-0.28392434,9.532888,1423619458866261874
0.7132888,0.4802712,8.994106,-0.15771484,0.5933075,1.5267181,-10.85968,31.559753,-31.199646,2.2319727,-0.3475313,9.542951,1423619458876149570
1.6407521,0.6075951,9.233531,-0.015655518,0.7257538,1.5171051,-10.438538,32.099915,-30.659485,2.1750178,-0.39938802,9.554066,1423619458886403476
2.016716,0.7271838,8.725739,0.07086182,0.8229523,1.4871979,-10.438538,32.099915,-30.659485,2.1041136,-0.43905637,9.568193,1423619458896260654
2.1112306,0.7715999,8.163889,0.12213135,0.8731537,1.478653,-9.899902,32.398987,-30.239868,2.0252044,-0.46474722,9.583994,1423619458906545078
2.1638799,0.8844689,8.133341,0.1958313,0.8966522,1.478653,-9.899902,32.398987,-30.239868,1.9354529,-0.4829559,9.601623,1423619458916463290
2.2042084,0.8983933,8.5223055,0.3432312,0.88597107,1.4989471,-9.298706,32.818604,-30.119324,1.8451586,-0.49294257,9.618876,1423619458926717197
2.232304,0.7386539,8.789885,0.5515137,0.8325653,1.5502167,-9.298706,32.818604,-30.119324,1.7509153,-0.49162096,9.636544,1423619458936604892
2.3288732,0.45142546,8.243515,0.75231934,0.7417755,1.6281891,-8.758545,33.239746,-30.479431,1.6634728,-0.4732719,9.65294,1423619458946858798
2.7706141,0.59138745,7.9008093,0.90078735,0.68836975,1.7008209,-8.758545,33.239746,-30.479431,1.580993,-0.43350506,9.668656,1423619458956746494
3.4844937,0.83918935,7.3626194,0.97769165,0.6990509,1.7446136,-7.9193115,33.659363,-30.659485,1.5106553,-0.37772602,9.682233,1423619458966969882
4.229814,0.9214003,6.855912,1.0246887,0.700119,1.7499542,-7.9193115,33.659363,-30.659485,1.4425019,-0.30854815,9.695069,1423619458976918613
4.7915025,1.1985202,6.427746,1.082367,0.64030457,1.7157745,-6.9595337,33.659363,-31.259155,1.378403,-0.2337591,9.70648,1423619458987142001
5.2130594,1.2959312,6.4186115,1.1817017,0.5452423,1.6655731,-6.9595337,33.659363,-31.259155,1.317579,-0.15026462,9.716573,1423619458997029697
5.5256233,1.3361125,6.357563,1.2767639,0.49076843,1.6228485,-5.9387207,33.53882,-32.218933,1.2688023,-0.060245737,9.724037,1423619459007283603
6.109278,1.2348881,6.1480055,1.3355103,0.50038147,1.571579,-5.9387207,33.53882,-32.218933,1.2283033,0.04377854,9.729323,1423619459017171298
6.718729,1.3610592,6.311573,1.3953247,0.5655365,1.4839935,-5.0994873,33.239746,-33.299255,1.1949252,0.15296187,9.732376,1423619459027455722
7.140989,1.3069601,5.978567,1.4604797,0.6285553,1.377182,-5.0994873,33.239746,-33.299255,1.1587113,0.2734409,9.734116,1423619459037343417
7.4997735,1.2138379,5.48769,1.5085449,0.6969147,1.2351227,-3.8391113,32.63855,-34.55963,1.1208853,0.39666983,9.734303,1423619459047566806
7.752472,1.072642,4.95582,1.5160217,0.7823639,1.0781097,-3.8391113,32.63855,-34.55963,1.0767984,0.5311254,9.732872,1423619459057454501
7.88587,0.686566,4.1682644,1.4989319,0.8400421,0.9189606,-2.5787354,32.03888,-35.639954,1.0288634,0.6650603,9.729826,1423619459067677890
7.895429,0.47628158,3.6624165,1.4797058,0.86354065,0.74913025,-2.5787354,32.03888,-35.639954,0.9723681,0.80465055,9.725093,1423619459077626620
7.5211315,0.11213648,3.2406397,1.4946594,0.8314972,0.6060028,-1.3198853,31.3797,-37.078857,0.9133622,0.93994296,9.718676,1423619459087850009
7.0846133,-0.1667937,2.6840115,1.5224304,0.755661,0.48851013,-1.3198853,31.3797,-37.078857,0.85159177,1.0800209,9.709723,1423619459097768222
6.128589,-1.1843797,2.404563,1.5416565,0.7204132,0.4019928,0.119018555,30.178833,-38.279724,0.7425264,1.362288,9.683141,1423619459107961093
6.128589,-1.1843797,2.404563,1.5448608,0.73750305,0.3592682,0.119018555,30.178833,-38.279724,0.7425264,1.362288,9.683141,1423619459117879306
5.8540163,-1.6142111,2.0295753,1.5502014,0.755661,0.35820007,1.2588501,28.858948,-39.65912,0.69105107,1.5030007,9.666118,1423619459128133212
5.8618145,-1.7473074,1.6019745,1.5865173,0.71720886,0.34751892,1.2588501,28.858948,-39.65912,0.6361205,1.6489295,9.646075,1423619459138051425
6.1920233,-1.5313947,1.245678,1.6324463,0.62641907,0.28877258,2.3986816,27.479553,-40.979004,0.585812,1.7924234,9.623639,1423619459148244296
6.5841293,-1.4090991,0.8666239,1.6783752,0.5089264,0.19050598,2.3986816,27.479553,-40.979004,0.54108846,1.9444456,9.5967045,1423619459158193027
6.853743,-1.7696464,-0.5725193,1.6687622,0.35832214,0.07194519,3.718567,26.219177,-42.059326,0.4843656,2.2556899,9.531403,1423619459168385898
6.853743,-1.7696464,-0.5725193,1.6185608,0.22587585,-0.061569214,3.718567,26.219177,-42.059326,0.4843656,2.2556899,9.531403,1423619459178334628
6.904178,-1.7486532,-0.13376331,1.5587463,0.22694397,-0.2217865,4.798889,24.899292,-43.078613,0.47295016,2.4072888,9.4948225,1423619459188558017
6.4903994,-2.0056639,0.55947113,1.5363159,0.31025696,-0.3553009,4.798889,24.899292,-43.078613,0.46261454,2.557007,9.456114,1423619459198445712
6.0495057,-2.4756894,1.1866264,1.5694275,0.4597931,-0.4386139,5.6991577,23.399353,-43.97888,0.4442791,2.696491,9.418171,1423619459208730136
5.7122436,-2.815854,0.85680294,1.6345825,0.56340027,-0.48561096,5.6991577,23.399353,-43.97888,0.4093839,2.8416471,9.376984,1423619459218587314
5.5073366,-3.0707788,0.3834381,1.7125549,0.5847626,-0.5016327,6.539917,21.839905,-45.239258,0.36219272,2.9843295,9.334505,1423619459228871738
5.7268023,-3.0950956,-0.81285477,1.769165,0.45765686,-0.5368805,6.539917,21.839905,-45.239258,0.30564234,3.1403365,9.285217,1423619459238728915
6.305586,-2.6628342,-2.0694056,1.7542114,0.2771454,-0.643692,7.019043,20.458984,-45.959473,0.25694916,3.2966337,9.232366,1423619459248952304
6.4230814,-2.5119588,-2.6597033,1.6698303,0.14576721,-0.7707977,7.019043,20.458984,-45.959473,0.21769415,3.4606762,9.173152,1423619459258870517
6.1580524,-2.8628798,-3.0031939,1.5544739,0.06565857,-0.8669281,7.3791504,19.018555,-46.85974,0.18879022,3.6139143,9.114514,1423619459269093906
5.8983593,-2.9789033,-3.1703596,1.4145508,0.03895569,-0.93315125,7.3791504,19.018555,-46.85974,0.16262904,3.7617092,9.055025,1423619459279012119
5.9382997,-2.7161083,-3.0167723,1.2575378,0.060317993,-1.0079193,7.6187134,17.69867,-47.51892,0.10910539,4.014046,8.946838,1423619459289235507
5.9382997,-2.7161083,-3.0167723,1.1282959,0.115859985,-1.0965729,7.6187134,17.69867,-47.51892,0.10910539,4.014046,8.946838,1423619459299153720
5.780759,-2.7568784,-1.8833237,1.1347046,0.1446991,-1.1777496,8.1588745,16.319275,-48.059082,0.07297735,4.1168733,8.90036,1423619459309407626
5.760295,-3.0567007,-0.92459774,1.2949219,0.14897156,-1.2332916,8.1588745,16.319275,-48.059082,0.026613886,4.2154355,8.854365,1423619459319295322
5.746829,-3.488996,-1.2888546,1.5160217,0.07633972,-1.2802887,8.338928,14.878845,-48.658752,-0.0229982,4.3161373,8.805726,1423619459329549228
5.811022,-3.4722805,-2.5228167,1.676239,-0.072128296,-1.3433075,8.338928,14.878845,-48.658752,-0.07519493,4.4379096,8.744695,1423619459339467441
5.832226,-3.555974,-3.5693674,1.7787781,-0.26438904,-1.4202118,8.639526,13.439941,-49.378967,-0.1195954,4.5714417,8.6751375,1423619459349660312
5.8337855,-3.4006863,-4.816246,1.7841187,-0.45985413,-1.5270233,8.639526,13.439941,-49.378967,-0.15577735,4.7200885,8.594584,1423619459359609042
5.6695065,-3.5985937,-6.025056,1.7082825,-0.55918884,-1.6562653,8.639526,11.938477,-49.798584,-0.20321223,5.016337,8.4241,1423619459369832431
5.6695065,-3.5985937,-6.025056,1.5779724,-0.60939026,-1.7801666,8.639526,11.938477,-49.798584,-0.20321223,5.016337,8.4241,1423619459379750644
5.3646903,-3.9890122,-6.7167645,1.4006653,-0.64250183,-1.8933868,8.459473,10.739136,-50.15869,-0.22812508,5.149181,8.342918,1423619459389974033
4.67464,-4.1965604,-6.8767853,1.2180176,-0.680954,-1.9681549,8.459473,10.739136,-50.15869,-0.26136974,5.270887,8.265581,1423619459399861728
3.9041038,-4.5524845,-6.5136566,1.082367,-0.72047424,-1.9713593,8.279419,9.359741,-50.819397,-0.2996576,5.3711762,8.199454,1423619459410115634
3.3961477,-4.637158,-6.019617,1.0343018,-0.7888336,-1.9489288,8.279419,9.359741,-50.819397,-0.3800475,5.536035,8.085682,1423619459420033847
3.3961477,-4.637158,-6.019617,1.0513916,-0.93089294,-1.9297028,8.21991,8.279419,-50.99945,-0.3800475,5.536035,8.085682,1423619459430257236
2.995448,-4.3482847,-5.999737,1.0866394,-1.0804291,-1.9243622,8.21991,8.279419,-50.99945,-0.41278285,5.61321,8.0306835,1423619459440175449
2.995448,-4.3482847,-5.999737,1.1090698,-1.2321014,-1.9371796,8.21991,8.279419,-50.99945,-0.41278285,5.61321,8.0306835,1423619459450398837
2.8795414,-4.523769,-7.0491323,1.0620728,-1.3730927,-1.9585419,7.8598022,7.1990967,-51.478577,-0.44691402,5.770004,7.916926,1423619459460286533
2.7425308,-4.5421686,-7.513398,0.9456482,-1.4628143,-1.9927216,7.1990967,6.3598633,-51.838684,-0.45116174,5.8467374,7.8601847,1423619459470540439
2.4225955,-4.745395,-7.509327,0.7971802,-1.505539,-2.0269012,7.1990967,6.3598633,-51.838684,-0.4512258,5.9185743,7.8062325,1423619459480428134
1.2820537,-5.3198557,-7.390888,0.61346436,-1.4916534,-2.034378,6.539917,5.3985596,-52.19879,-0.45520568,6.022581,7.72604,1423619459490682040
1.2820537,-5.3198557,-7.390888,0.42868042,-1.4542694,-2.0258331,6.539917,5.3985596,-52.19879,-0.45520568,6.022581,7.72604,1423619459500569736
0.639611,-5.40111,-7.1569076,0.28128052,-1.4457245,-1.9895172,5.5786133,4.6188354,-52.43988,-0.46335065,6.0523047,7.702292,1423619459510793124
-0.113622546,-5.5715294,-7.220587,0.14883423,-1.4809723,-1.9168854,5.5786133,4.6188354,-52.43988,-0.47489733,6.0695844,7.687978,1423619459520741855
-0.5962253,-5.8618445,-7.142594,0.01852417,-1.5461273,-1.820755,4.559326,4.499817,-52.919006,-0.4834921,6.0752497,7.6829658,1423619459530965244
-1.2316836,-6.182845,-6.940416,-0.07974243,-1.6465302,-1.6840363,4.559326,4.499817,-52.919006,-0.48469493,6.0702996,7.686802,1423619459540852939
-1.5801629,-6.23498,-6.6818376,-0.1481018,-1.7821808,-1.533432,3.718567,4.319763,-53.279114,-0.47327775,6.0570483,7.697958,1423619459551076328
-1.7646302,-6.058919,-6.0118346,-0.19082642,-1.885788,-1.394577,3.718567,4.319763,-53.279114,-0.4429332,6.037282,7.715272,1423619459560994540
-1.9829936,-6.0351458,-5.59901,-0.22927856,-1.9274445,-1.2589264,2.758789,4.559326,-53.459167,-0.39558318,6.0145373,7.735583,1423619459571217929
-1.5551636,-5.501982,-5.570536,-0.31259155,-1.8964691,-1.190567,2.758789,4.559326,-53.459167,-0.3304563,5.9900594,7.757601,1423619459581166660
-1.5207958,-5.3709354,-5.807344,-0.43969727,-1.8377228,-1.1553192,1.499939,4.6188354,-53.69873,-0.25972655,5.9631658,7.780976,1423619459591359531
-2.365646,-5.8498783,-5.891399,-0.5753479,-1.8729706,-1.1136627,1.499939,4.6188354,-53.69873,-0.11557809,5.884008,7.8444552,1423619459601308261
-2.365646,-5.8498783,-5.891399,-0.6533203,-2.035324,-1.0474396,0.17852783,4.978943,-53.759766,-0.11557809,5.884008,7.8444552,1423619459611531650
-4.103098,-6.2470555,-4.174447,-0.7013855,-2.192337,-0.92674255,0.17852783,4.978943,-53.759766,0.06738825,5.770603,7.9288077,1423619459621419345
-4.103098,-6.2470555,-4.174447,-0.78256226,-2.1987457,-0.75157166,-1.0787964,5.3985596,-53.759766,0.06738825,5.770603,7.9288077,1423619459631642734
-3.9225533,-6.4589877,-2.9076128,-0.92996216,-2.0032806,-0.58280945,-1.0787964,5.3985596,-53.759766,0.30768374,5.629948,8.023677,1423619459641591464
-3.9225533,-6.4589877,-2.9076128,-1.1275635,-1.6956635,-0.43754578,-2.6992798,6.298828,-53.63922,0.30768374,5.629948,8.023677,1423619459651814853
-3.741189,-6.3520994,-2.691513,-1.2909851,-1.4649506,-0.32432556,-2.6992798,6.298828,-53.63922,0.4224151,5.539369,8.081296,1423619459661733066
-3.60389,-6.1083055,-2.756651,-1.3689575,-1.4403839,-0.23994446,-4.1992188,7.1990967,-53.338623,0.5209274,5.4364953,8.145154,1423619459671956454
-3.1447535,-5.293497,-2.6170874,-1.3742981,-1.6134186,-0.18547058,-4.1992188,7.1990967,-53.338623,0.7269778,5.202944,8.280778,1423619459681905185
-3.1447535,-5.293497,-2.6170874,-1.3561401,-1.812088,-0.19508362,-5.6991577,7.978821,-53.03955,0.7269778,5.202944,8.280778,1423619459692098056
-2.8794656,-5.201604,-2.0260658,-1.3775024,-1.8815155,-0.25917053,-5.6991577,7.978821,-53.03955,0.8564024,5.0816584,8.343483,1423619459702016269
-3.2602568,-5.5080895,-1.4999399,-1.4704285,-1.8046112,-0.31044006,-7.319641,8.879089,-52.49939,0.9918292,4.9617906,8.4004345,1423619459712209140
-5.051091,-6.09178,0.01584816,-1.6370544,-1.6518707,-0.291214,-7.319641,8.879089,-52.49939,1.2475238,4.694318,8.51924,1423619459722157870
-5.051091,-6.09178,0.01584816,-1.7801819,-1.4766998,-0.18760681,-8.879089,9.959412,-51.719666,1.2475238,4.694318,8.51924,1423619459732350742
-5.520611,-6.528997,2.0032692,-1.8432007,-1.292984,-0.031661987,-8.879089,9.959412,-51.719666,1.4609497,4.3669567,8.658274,1423619459742268954
-5.520611,-6.528997,2.0032692,-1.8399963,-1.1605377,0.10719299,-10.198975,11.399841,-50.759888,1.4609497,4.3669567,8.658274,1423619459752675449
-5.41155,-5.885733,2.2837868,-1.7983398,-1.0804291,0.20118713,-10.198975,11.399841,-50.759888,1.5610558,4.186304,8.729739,1423619459762502109
-5.1693125,-5.3270903,2.5089417,-1.7449341,-1.0355682,0.23536682,-11.51886,12.95929,-49.798584,1.6515657,4.01465,8.793481,1423619459772694980
-5.1972127,-5.28349,2.3602123,-1.7022095,-1.0547943,0.24497986,-11.51886,12.95929,-49.798584,1.7433009,3.8390877,8.853965,1423619459782582675
-6.3283105,-5.307625,2.2826042,-1.818634,-1.0206146,0.36567688,-13.018799,14.518738,-48.539734,1.9217552,3.4924715,8.959905,1423619459792806064
-6.3283105,-5.307625,2.2826042,-1.9008789,-0.9009857,0.5077362,-13.018799,14.518738,-48.539734,1.9217552,3.4924715,8.959905,1423619459802724277
-6.91138,-6.003516,3.204485,-1.9703064,-0.801651,0.70747375,-14.15863,16.139221,-47.338867,2.005609,3.3035698,9.01301,1423619459813130771
-7.289798,-5.922528,4.076335,-2.0012817,-0.7300873,0.9050751,-14.15863,16.139221,-47.338867,2.1622121,2.884844,9.119918,1423619459822896396
-7.289798,-5.922528,4.076335,-1.9767151,-0.708725,1.0578156,-15.058899,17.878723,-45.71991,2.1622121,2.884844,9.119918,1423619459833058749
-6.828746,-5.202819,4.655918,-1.9339905,-0.7033844,1.1582184,-15.058899,17.878723,-45.71991,2.2399151,2.6641827,9.168167,1423619459842976962
-6.3882103,-4.7851706,5.0991125,-1.9254456,-0.69270325,1.2372589,-15.539551,19.67926,-44.099426,2.3162324,2.4477658,9.209446,1423619459853383456
-6.3123946,-4.4058,5.1473637,-1.929718,-0.6670685,1.3472748,-15.539551,19.67926,-44.099426,2.3964365,2.2208915,9.246357,1423619459863210117
-6.3112774,-4.530609,5.7902985,-1.9222412,-0.6125946,1.4669037,-16.19873,21.479797,-42.359924,2.4686887,2.001847,9.277315,1423619459873372470
-5.6412106,-4.2034926,7.6042795,-1.9350586,-0.46839905,1.5705109,-16.19873,21.479797,-42.359924,2.598734,1.5413841,9.329582,1423619459883290683
-5.6412106,-4.2034926,7.6042795,-1.967102,-0.24302673,1.6378021,-16.43982,23.278809,-40.559387,2.598734,1.5413841,9.329582,1423619459893727695
-4.92491,-3.4372878,8.388119,-1.9724426,-0.055038452,1.6420746,-16.43982,23.278809,-40.559387,2.6423557,1.2967032,9.354512,1423619459903462802
-4.1772065,-2.7131588,8.85684,-1.9008789,-0.017654419,1.6506195,-16.799927,24.839783,-38.819885,2.661086,1.0660473,9.378302,1423619459913655673
-4.394343,-2.7717633,9.459632,-1.771637,-0.12767029,1.7093658,-16.799927,24.839783,-38.819885,2.6659155,0.82739246,9.400994,1423619459923573886
-4.074748,-2.997209,10.212312,-1.6530762,-0.16291809,1.7713165,-16.738892,26.278687,-36.71875,2.6701767,0.6027451,9.41686,1423619459933980380
-4.120268,-3.1059904,10.874588,-1.5815125,-0.036880493,1.8524933,-16.738892,26.278687,-36.71875,2.6783957,0.37779412,9.426232,1423619459943715488
-4.390239,-2.9913497,10.951634,-1.5644226,0.13508606,1.997757,-16.619873,27.598572,-34.799194,2.6766276,0.17421088,9.4326935,1423619459953938876
-4.087741,-2.7241402,11.362614,-1.5601501,0.31773376,2.146225,-16.619873,27.598572,-34.799194,2.6580756,-0.03685195,9.439474,1423619459963826572
-3.4255896,-2.391253,12.114339,-1.5088806,0.47795105,2.2637177,-16.018677,28.858948,-32.759094,2.620031,-0.24234419,9.447068,1423619459974080478
-2.1271303,-2.1340482,12.473933,-1.3871155,0.551651,2.3822784,-16.018677,28.858948,-32.759094,2.4885457,-0.65290475,9.463152,1423619459984029208
-2.1271303,-2.1340482,12.473933,-1.2418518,0.5495148,2.4602509,-15.59906,30.178833,-31.019592,2.4885457,-0.65290475,9.463152,1423619459994222079
-1.3593843,-1.5901563,11.877757,-1.1104736,0.49076843,2.5296783,-15.59906,30.178833,-31.019592,2.3275678,-1.013625,9.472348,1423619460004140292
-0.8350687,-1.3677472,12.532453,-0.9737549,0.39250183,2.6354218,-15.119934,31.259155,-29.3396,2.2484808,-1.1753788,9.472761,1423619460014363681
-0.17239141,-1.1932827,13.15209,-0.7665405,0.264328,2.7411652,-15.119934,31.259155,-29.3396,2.1783745,-1.3149008,9.470803,1423619460024251376
0.95726466,-0.7945564,13.407611,-0.5251465,0.17674255,2.8479767,-14.279175,32.339478,-27.83966,2.1137996,-1.4366814,9.467745,1423619460034505283
2.171425,-0.43600392,14.265823,-0.33288574,0.21733093,2.915268,-14.279175,32.339478,-27.83966,2.051412,-1.5324347,9.466454,1423619460044423495
3.6012523,-0.24295652,14.870046,-0.17266846,0.41706848,2.952652,-13.378906,33.059692,-26.638794,1.9751707,-1.6123314,9.469397,1423619460054646884
4.583421,0.12222636,14.400789,0.0025024414,0.6915741,2.933426,-13.378906,33.059692,-26.638794,1.8793869,-1.6709566,9.478724,1423619460064565097
4.997177,0.47214746,13.305185,0.17660522,0.9297638,2.8714752,-12.298584,33.779907,-25.679016,1.7560403,-1.7106076,9.49529,1423619460074819003
6.0000143,0.8102461,12.366966,0.33789063,1.0408478,2.8244781,-12.298584,33.779907,-25.679016,1.6237644,-1.727901,9.515678,1423619460084706699
6.7443357,0.9219096,11.971509,0.5322876,0.9938507,2.7358246,-11.158752,34.439087,-25.19989,1.4859266,-1.7236135,9.53895,1423619460094960605
6.7443357,0.9219096,11.971509,0.74591064,0.88490295,2.6044464,-11.158752,34.439087,-25.19989,1.4859266,-1.7236135,9.53895,1423619460104848300
7.661335,0.7878208,11.528121,0.8986511,0.84324646,2.452774,-9.779358,35.038757,-25.019836,1.2501416,-1.6425407,9.586949,1423619460115071689
7.737018,0.51576495,11.270371,0.9723511,0.9639435,2.3171234,-9.779358,35.038757,-25.019836,1.1401768,-1.5771166,9.611612,1423619460124959384
8.144883,0.59666467,10.8982935,1.0150757,1.181839,2.2252655,-8.758545,35.398865,-25.138855,1.0130562,-1.4995006,9.638237,1423619460135243808
8.554862,0.5874953,10.344827,1.0994568,1.3559418,2.1355438,-8.758545,35.398865,-25.138855,0.87703204,-1.4151125,9.664298,1423619460145131503
8.972031,0.4397459,9.857218,1.2479248,1.4392548,2.035141,-7.319641,35.4599,-25.79956,0.727397,-1.3131698,9.6910715,1423619460155354892
9.28508,0.33866286,8.674543,1.4433899,1.4659576,1.9080353,-7.319641,35.4599,-25.79956,0.58250237,-1.1946765,9.716163,1423619460165242587
9.365695,0.22929394,6.7679873,1.611084,1.4477997,1.7627716,-5.9387207,35.398865,-26.45874,0.4354563,-1.0508298,9.740458,1423619460175496494
9.2717,0.19213378,5.689803,1.6837158,1.3698273,1.618576,-5.9387207,35.398865,-26.45874,0.3029494,-0.89746535,9.7607975,1423619460185384189
9.2717,0.19213378,5.689803,1.6954651,1.255539,1.4850616,-4.258728,34.979248,-27.598572,0.3029494,-0.89746535,9.7607975,1423619460195638095
9.218576,-0.09887397,5.1987724,1.6965332,1.1529999,1.3750458,-4.258728,34.979248,-27.598572,0.17814437,-0.732245,9.777652,1423619460205586826
9.248208,-0.31251848,4.8151093,1.6815796,1.0750275,1.2703705,-2.5787354,34.55963,-28.73993,0.071713924,-0.56969655,9.789825,1423619460215749179
9.514497,-0.26489404,4.691078,1.6751709,1.0088043,1.1614227,-2.5787354,34.55963,-28.73993,-0.109746076,-0.23922172,9.803118,1423619460225697910
9.514497,-0.26489404,4.691078,1.7178955,0.96287537,1.0289764,-0.8392334,33.898926,-30.239868,-0.109746076,-0.23922172,9.803118,1423619460236104404
9.42356,-0.5508172,5.408396,1.8535461,0.922287,0.9061432,-0.8392334,33.898926,-30.239868,-0.19111429,-0.06604159,9.804565,1423619460245870029
9.210229,-1.1764576,5.402396,2.0116272,0.922287,0.8089447,0.95977783,33.059692,-31.91986,-0.26046255,0.10391501,9.80264,1423619460256062900
8.960247,-2.0826387,4.412367,2.1558228,0.9361725,0.7320404,0.95977783,33.059692,-31.91986,-0.39713165,0.4940213,9.786144,1423619460265950595
8.960247,-2.0826387,4.412367,2.2893372,0.93937683,0.66581726,2.4597168,31.91986,-33.599854,-0.39713165,0.4940213,9.786144,1423619460276387607
9.10344,-2.3563583,3.6201105,2.4046936,0.9084015,0.58784485,2.4597168,31.91986,-33.599854,-0.4679358,0.7178553,9.76914,1423619460286122714
9.163221,-2.5588355,2.1100283,2.4516907,0.8186798,0.49491882,4.1992188,30.53894,-35.21881,-0.53005356,0.9375402,9.747331,1423619460296315585
9.416114,-2.6245117,0.06363487,2.435669,0.71507263,0.3806305,4.1992188,30.53894,-35.21881,-0.63623554,1.4069381,9.684323,1423619460306203281
9.416114,-2.6245117,0.06363487,2.3641052,0.6285553,0.2407074,5.758667,29.09851,-36.779785,-0.63623554,1.4069381,9.684323,1423619460316670810
9.707315,-2.7378826,-0.562623,2.2615662,0.5441742,0.075149536,5.758667,29.09851,-36.779785,-0.6774964,1.6461862,9.643726,1423619460326405917
9.700884,-2.7666645,-0.3748312,2.1910706,0.49290466,-0.09147644,7.1990967,27.479553,-38.279724,-0.7078037,1.8582793,9.602926,1423619460336598788
9.676063,-2.8957846,0.20373535,2.167572,0.5185394,-0.25169373,7.1990967,27.479553,-38.279724,-0.73647565,2.0695546,9.557454,1423619460346547519
9.383751,-3.4057002,0.8689585,2.2359314,0.5292206,-0.3766632,8.518982,25.679016,-39.65912,-0.7664454,2.2675653,9.510053,1423619460356954013
8.841604,-3.928012,1.0079718,2.3833313,0.49183655,-0.4535675,8.518982,25.679016,-39.65912,-0.80525047,2.4737585,9.455288,1423619460366719638
8.593827,-4.3946815,-0.15973759,2.5275269,0.44163513,-0.5219269,9.658813,23.999023,-41.038513,-0.88095593,2.8957558,9.327856,1423619460376912509
8.507214,-4.651658,-1.1270571,2.6151123,0.39997864,-0.5988312,9.658813,23.999023,-41.038513,-0.9168212,3.1194992,9.251948,1423619460386830722
8.507214,-4.651658,-1.1270571,2.6514282,0.34977722,-0.67466736,10.618591,22.138977,-42.419434,-0.9168212,3.1194992,9.251948,1423619460397023593
8.773977,-4.6316624,-2.4931517,2.6653137,0.2077179,-0.78681946,10.618591,22.138977,-42.419434,-0.95296264,3.3537686,9.165941,1423619460406972324
8.921002,-4.256008,-3.7946987,2.6087036,0.02507019,-0.95558167,11.219788,20.098877,-43.559265,-0.9833306,3.5831957,9.07547,1423619460417195712
8.03672,-4.5505643,-4.070463,2.510437,-0.11805725,-1.1360931,11.219788,20.098877,-43.559265,-1.025845,4.0259166,8.883132,1423619460427144443
8.03672,-4.5505643,-4.070463,2.4591675,-0.24836731,-1.2770844,11.878967,18.119812,-44.699097,-1.025845,4.0259166,8.883132,1423619460437337314
6.9591217,-4.7305813,-4.3040333,2.4570313,-0.40751648,-1.3700104,11.878967,18.119812,-44.699097,-1.0561645,4.4264565,8.6868515,1423619460447225009
6.9591217,-4.7305813,-4.3040333,2.4719849,-0.5623932,-1.4565277,12.359619,16.319275,-45.658875,-1.0561645,4.4264565,8.6868515,1423619460457539951
6.7001815,-4.8990293,-4.606243,2.474121,-0.6830902,-1.5494537,12.359619,16.319275,-45.658875,-1.0639299,4.6263504,8.581102,1423619460467488681
6.4507875,-5.112662,-4.800147,2.3972168,-0.66600037,-1.6530609,12.599182,14.518738,-46.4386,-1.0673997,4.8161635,8.47559,1423619460477620517
5.856798,-5.410836,-6.4072275,2.2391357,-0.5752106,-1.7417145,12.599182,14.518738,-46.4386,-1.0982517,5.1734066,8.258334,1423619460487538730
5.856798,-5.410836,-6.4072275,2.0329895,-0.53034973,-1.8399811,12.658691,12.719727,-47.399902,-1.0982517,5.1734066,8.258334,1423619460497823154
5.709159,-5.4535785,-7.0871143,1.8118896,-0.5442352,-1.9435883,12.658691,12.719727,-47.399902,-1.136271,5.331818,8.151748,1423619460507771884
5.4448137,-5.57917,-7.153884,1.6153564,-0.5762787,-2.0471954,12.539673,11.099243,-48.35968,-1.1833503,5.4639378,8.057013,1423619460517873203
4.301264,-5.403444,-6.1691284,1.4519348,-0.542099,-2.1486664,12.539673,11.099243,-48.35968,-1.3039076,5.6702237,7.894224,1423619460527821933
3.7408862,-5.64458,-6.44501,1.361145,-0.44596863,-2.2084808,12.298584,9.47876,-49.079895,-1.3843007,5.751576,7.821347,1423619460538014806
3.42656,-5.7156606,-7.4833097,1.3109436,-0.39042664,-2.227707,12.298584,9.47876,-49.079895,-1.474035,5.823363,7.751519,1423619460547963537
3.42656,-5.7156606,-7.4833097,1.2393799,-0.41926575,-2.2447968,11.999512,7.978821,-49.679565,-1.474035,5.823363,7.751519,1423619460558156408
3.2132425,-5.8888955,-8.6783285,1.1261597,-0.5581207,-2.2618866,11.999512,7.978821,-49.679565,-1.5711986,5.8899994,7.6817727,1423619460568105138
3.0116158,-5.9611645,-9.60128,0.9734192,-0.78456116,-2.292862,11.579895,6.8984985,-50.279236,-1.6633193,5.9458065,7.61913,1423619460578328527
2.7917542,-5.985864,-10.051353,0.7790222,-1.0537262,-2.3323822,11.579895,6.8984985,-50.279236,-1.747799,5.9899673,7.5654397,1423619460588246740
2.2496924,-6.0326924,-9.697399,0.5750122,-1.2812347,-2.3462677,11.219788,6.059265,-50.45929,-1.815888,6.0163603,7.5283694,1423619460598439611
1.7433442,-6.1303782,-8.778751,0.40838623,-1.4425201,-2.3334503,11.219788,6.059265,-50.45929,-1.8703501,6.0244007,7.50858,1423619460608388341
1.240972,-6.1726727,-7.5607495,0.29516602,-1.4895172,-2.3078156,10.618591,5.218506,-50.819397,-1.9101632,6.0155263,7.505671,1423619460618611730
0.5624132,-6.581609,-6.378805,0.2513733,-1.4638824,-2.2362518,10.618591,5.218506,-50.819397,-1.94288,5.9929047,7.515364,1423619460628529943
0.0034766197,-7.0153556,-6.189248,0.21932983,-1.4350433,-2.1251678,9.899902,4.559326,-51.419067,-1.9717335,5.964266,7.5306168,1423619460638753331
-0.5519364,-7.3078938,-7.0855775,0.12640381,-1.4457245,-1.9895172,9.899902,4.559326,-51.419067,-1.9987366,5.933547,7.5477457,1423619460648641027
-0.5884819,-7.3131294,-7.7823334,-0.043426514,-1.469223,-1.8688202,9.1796875,4.3792725,-51.53961,-2.0180073,5.901836,7.5674543,1423619460658894933
-0.58268,-7.1680274,-7.9988484,-0.23568726,-1.4863129,-1.7823029,9.1796875,4.3792725,-51.53961,-2.027679,5.861615,7.5960765,1423619460668813146
-0.84370136,-6.848938,-8.0029545,-0.38842773,-1.5568085,-1.7128754,8.21991,4.319763,-51.719666,-2.0289457,5.8113422,7.6342697,1423619460679036535
-1.7619791,-7.027147,-8.133357,-0.44503784,-1.7811127,-1.616745,8.21991,4.319763,-51.719666,-1.9977078,5.678219,7.7419233,1423619460688954747
-1.7619791,-7.027147,-8.133357,-0.43008423,-2.163498,-1.5077972,7.258606,4.798889,-51.89972,-1.9977078,5.678219,7.7419233,1423619460699178136
-1.895484,-6.7427125,-8.426914,-0.44396973,-2.5576324,-1.4191437,7.258606,4.798889,-51.89972,-1.9407113,5.608659,7.8068542,1423619460709096349
-1.8289047,-6.882994,-8.038208,-0.548645,-2.7819366,-1.3443756,5.6396484,5.218506,-51.89972,-1.8471657,5.5429864,7.876146,1423619460719289220
-2.112545,-7.260207,-7.6334333,-0.7355652,-2.8353424,-1.2503815,5.6396484,5.218506,-51.89972,-1.7187495,5.472193,7.954332,1423619460729237951
-2.2006917,-7.175966,-6.983287,-0.9812317,-2.7424164,-1.172409,4.1992188,5.9387207,-51.95923,-1.5744728,5.3935604,8.03747,1423619460739461339
-3.687223,-7.5014515,-5.499901,-1.252533,-2.5405426,-1.0655975,4.1992188,5.9387207,-51.95923,-1.2763404,5.181977,8.2273,1423619460749349035
-3.687223,-7.5014515,-5.499901,-1.4960632,-2.3514862,-0.9224701,2.4597168,6.77948,-52.018738,-1.2763404,5.181977,8.2273,1423619460759602941
-3.6125364,-7.47464,-4.750019,-1.6626892,-2.2500153,-0.8092499,2.4597168,6.77948,-52.018738,-1.1316717,5.0432086,8.334012,1423619460769490636
-3.8319783,-7.700769,-3.9406586,-1.7342529,-2.2703094,-0.70137024,0.6591797,8.21991,-52.018738,-0.9944472,4.8919005,8.441017,1423619460779744542
-3.8697562,-7.994705,-3.1554193,-1.7043457,-2.42305,-0.5796051,0.6591797,8.21991,-52.018738,-0.8454934,4.7238946,8.552213,1423619460789632238
-3.8988044,-8.202005,-2.6935759,-1.6594849,-2.6056976,-0.45036316,-1.2588501,9.359741,-51.838684,-0.6856913,4.5587573,8.655516,1423619460799855626
-4.2151875,-7.8659925,-2.0809717,-1.679779,-2.6665802,-0.30723572,-1.2588501,9.359741,-51.838684,-0.49621442,4.3916874,8.75427,1423619460809773839
-4.1120424,-7.4025583,-1.4402981,-1.7929993,-2.5704498,-0.19294739,-3.3599854,10.679626,-51.239014,-0.29244706,4.2303953,8.842433,1423619460819997228
-3.9297938,-7.2097483,-0.34436703,-1.9468079,-2.3450775,-0.11924744,-3.3599854,10.679626,-51.239014,-0.07442761,4.0573025,8.927662,1423619460829945958
-4.336843,-6.9841595,0.48595047,-2.0899353,-2.0919342,-0.047683716,-5.519104,12.419128,-50.39978,0.12855588,3.8752158,9.007584,1423619460840169347
-4.9679713,-7.288167,1.5306511,-2.179657,-1.8836517,0.06767273,-5.519104,12.419128,-50.39978,0.31889468,3.671711,9.087751,1423619460850087560
-5.669611,-7.8139715,2.422451,-2.1657715,-1.7832489,0.23750305,-7.6187134,13.978577,-49.49951,0.48568,3.4594922,9.16332,1423619460860310949
-6.200772,-7.918297,3.125948,-2.096344,-1.7415924,0.4436493,-7.6187134,13.978577,-49.49951,0.64854753,3.2345052,9.235137,1423619460870229162
-6.446585,-7.579393,3.701521,-2.0375977,-1.5952606,0.84846497,-9.47876,15.779114,-48.35968,0.80559665,3.0168295,9.296244,1423619460880452550
-6.3748474,-6.81906,3.4481802,-2.0375977,-1.5952606,0.84846497,-9.47876,15.779114,-48.35968,0.9687798,2.7966828,9.349354,1423619460890340246
-5.9192533,-6.498049,4.2915516,-2.0546875,-1.4168854,1.1240387,-11.399841,17.57965,-46.85974,1.125023,2.5820634,9.393491,1423619460900594152
-5.614611,-6.2038107,4.871338,-1.967102,-1.3965912,1.2169647,-11.399841,17.57965,-46.85974,1.2818773,2.3558397,9.432773,1423619460910512365
-5.2011385,-5.8218794,5.8083706,-1.8602905,-1.4008636,1.2981415,-13.079834,19.439697,-45.239258,1.4268676,2.1356316,9.464329,1423619460920735753
-5.2733717,-5.3737826,6.1334352,-1.7876587,-1.3656158,1.3942719,-13.079834,19.439697,-45.239258,1.5750934,1.9160872,9.487785,1423619460930653966
-5.300438,-5.6830673,6.485794,-1.7566833,-1.3228912,1.553421,-14.399719,20.999146,-43.258667,1.71579,1.7067912,9.503331,1423619460940877355
-5.780387,-5.791324,6.226898,-1.7556152,-1.3228912,1.7638397,-14.399719,20.999146,-43.258667,1.8557404,1.492248,9.513139,1423619460950795568
-5.951852,-5.619583,6.2329884,-1.7481384,-1.2705536,1.9539642,-15.359497,22.799683,-40.979004,1.9880319,1.2802055,9.51731,1423619460961018956
-5.3357058,-5.3671923,7.194146,-1.7289124,-1.1295624,2.099228,-15.359497,22.799683,-40.979004,2.1220927,1.0567207,9.5157995,1423619460970937169
-4.570998,-4.6845784,8.451856,-1.6925964,-0.97361755,2.210312,-16.079712,24.539185,-38.75885,2.2409415,0.83649987,9.51046,1423619460981160558
-3.9606183,-4.2792954,9.340821,-1.6680298,-0.8219452,2.34169,-16.079712,24.539185,-38.75885,2.3465278,0.6086116,9.502304,1423619460991078771
-3.8091245,-3.61789,9.672904,-1.6263733,-0.6820221,2.423935,-16.619873,26.098633,-36.779785,2.4296846,0.3872471,9.493001,1423619461001302160
-0.8573544,-2.1079674,11.186985,-1.5665588,-0.51753235,2.3630524,-16.619873,26.098633,-36.779785,2.5489511,-0.054093618,9.46944,1423619461011220372
-0.8573544,-2.1079674,11.186985,-1.5078125,-0.34129333,2.2519684,-16.738892,27.418518,-34.61914,2.5489511,-0.054093618,9.46944,1423619461021443761
-1.7975206,-2.3732553,11.344386,-1.4084778,-0.25798035,2.2252655,-16.738892,27.418518,-34.61914,2.5772245,-0.26814917,9.458139,1423619461031361974
-2.9735548,-2.5302663,11.2975445,-1.2749634,-0.2836151,2.340622,-16.499329,28.799438,-32.398987,2.5847576,-0.46708164,9.448346,1423619461041585363
-1.6518853,-1.8290508,12.6800375,-1.105133,-0.282547,2.5478363,-16.499329,28.799438,-32.398987,2.5821333,-0.8358329,9.423607,1423619461051473058
-1.6518853,-1.8290508,12.6800375,-0.9598694,-0.20243835,2.6802826,-16.19873,29.93927,-30.178833,2.5821333,-0.8358329,9.423607,1423619461061757482
1.0547988,-0.26682317,13.149608,-0.8680115,-0.0796051,2.6888275,-16.19873,29.93927,-30.178833,2.554279,-1.1541009,9.397558,1423619461071645177
1.0547988,-0.26682317,13.149608,-0.77401733,0.012252808,2.610855,-15.59906,30.958557,-28.379822,2.554279,-1.1541009,9.397558,1423619461081899083
1.2649133,-0.19087827,13.963185,-0.6170044,0.064590454,2.5286102,-15.59906,30.958557,-28.379822,2.519738,-1.2981945,9.388078,1423619461091786779
0.50135994,-0.42367208,14.780127,-0.38735962,0.08808899,2.5467682,-14.93988,32.159424,-26.759338,2.474845,-1.4223187,9.382032,1423619461102010167
0.2773192,-0.5025033,15.055547,-0.10110474,0.04750061,2.629013,-14.93988,32.159424,-26.759338,2.421808,-1.5299283,9.378942,1423619461111928380
0.68697596,-0.5119928,15.121198,0.18621826,0.0015716553,2.7272797,-14.338684,33.17871,-25.19989,2.368556,-1.6097221,9.379186,1423619461122151769
1.4861712,-0.55592096,15.295725,0.4543152,0.02720642,2.82341,-14.338684,33.17871,-25.19989,2.3162794,-1.6650825,9.382576,1423619461132069982
2.8933609,-0.49943423,15.533997,0.6786194,0.19169617,2.8533173,-13.55896,33.95996,-24.598694,2.2665203,-1.6931463,9.389703,1423619461142293371
4.2380123,-0.107082605,15.609041,0.8206787,0.5302887,2.8009796,-13.55896,33.95996,-24.598694,2.2074676,-1.6974862,9.402979,1423619461152211583
5.8129754,0.4755534,13.7498045,0.9264221,0.85713196,2.7230072,-12.359619,34.55963,-23.939514,2.0206587,-1.6502657,9.453251,1423619461162434972
5.8129754,0.4755534,13.7498045,1.0471191,1.0237579,2.6215363,-12.359619,34.55963,-23.939514,2.0206587,-1.6502657,9.453251,1423619461172353185
6.6592317,0.6067244,12.73755,1.1784973,1.0942535,2.5008392,-11.459351,35.099792,-23.81897,1.8973112,-1.6040188,9.486712,1423619461182576574
7.414207,0.53996015,12.3176,1.3429871,1.1230927,2.368393,-11.459351,35.099792,-23.81897,1.7634574,-1.5389913,9.52324,1423619461192494787
8.035214,0.32193625,11.711304,1.4946594,1.1700897,2.238083,-10.379028,35.398865,-24.119568,1.6345737,-1.4567612,9.5591,1423619461202718175
8.422471,0.21652102,11.128702,1.6228333,1.2576752,2.1237946,-10.379028,35.398865,-24.119568,1.5026944,-1.3516333,9.596113,1423619461212636388
8.910686,0.34356833,10.291413,1.7467346,1.3281708,1.9988251,-9.059143,35.4599,-25.079346,1.3742335,-1.2312115,9.63151,1423619461222890294
9.097885,0.31499565,8.886177,1.8321838,1.3292389,1.8791962,-9.059143,35.4599,-25.079346,1.2380098,-1.0901427,9.666919,1423619461232777990
9.499405,0.33125913,7.6810284,1.8759766,1.2897186,1.7424774,-7.499695,35.21881,-26.159668,1.1092263,-0.939793,9.698288,1423619461243031896
9.804955,0.053899527,6.8584824,1.8866577,1.2202911,1.6046906,-7.499695,35.21881,-26.159668,0.98185545,-0.77414596,9.726615,1423619461252919591
9.971024,-0.34031838,7.152111,1.935791,1.1583405,1.5021515,-5.999756,34.739685,-27.479553,0.86928815,-0.60886663,9.749051,1423619461263173497
10.45444,-0.6501187,7.7510843,2.0329895,1.1829071,1.4028168,-5.999756,34.739685,-27.479553,0.7628828,-0.43209863,9.767379,1423619461273061193
11.454962,-0.6783227,8.139273,2.1323242,1.3164215,1.2372589,-4.258728,34.13849,-29.219055,0.66827965,-0.2523205,9.7806,1423619461283284581
12.009652,-0.95717525,5.6323776,2.2284546,1.423233,1.034317,-4.258728,34.13849,-29.219055,0.45928144,0.14829563,9.794766,1423619461293202794
12.009652,-0.95717525,5.6323776,2.2936096,1.4146881,0.83351135,-2.1591187,33.4198,-30.839539,0.45928144,0.14829563,9.794766,1423619461303426183
11.926063,-1.7806249,4.150752,2.3470154,1.3228302,0.63056946,-2.1591187,33.4198,-30.839539,0.24250701,0.5853888,9.786159,1423619461313344396
11.926063,-1.7806249,4.150752,2.4303284,1.2352448,0.45646667,-0.4196167,32.51953,-32.759094,0.24250701,0.5853888,9.786159,1423619461323567785
11.47983,-2.622377,4.2801104,2.59375,1.1145477,0.34324646,-0.4196167,32.51953,-32.759094,0.14397483,0.81605464,9.771577,1423619461333485997
11.287601,-3.1011238,3.9555788,2.789215,0.9735565,0.26313782,1.3793945,31.259155,-34.498596,0.0592119,1.0507196,9.750019,1423619461343739904
11.635062,-3.4601521,2.7919846,2.899231,0.8752899,0.17021179,1.3793945,31.259155,-34.498596,-0.015123695,1.3106332,9.718662,1423619461353627599
11.988811,-3.6047626,1.6574392,2.9077759,0.84965515,0.046310425,3.1188965,29.759216,-36.538696,-0.07354786,1.5748969,9.679085,1423619461363850988
12.227338,-3.6183248,1.0944405,2.8970947,0.8614044,-0.10749817,3.1188965,29.759216,-36.538696,-0.12894318,1.8532509,9.629083,1423619461373769201
13.244545,-3.3702524,-1.2927465,2.8671875,0.78770447,-0.3136444,4.73938,28.138733,-38.21869,-0.23652999,2.3967803,9.506308,1423619461383992589
13.130863,-3.9441543,-1.7302866,2.7924194,0.6937103,-0.58174133,4.73938,28.138733,-38.21869,-0.28686836,2.6545093,9.43619,1423619461393910802
11.887222,-4.8734293,-1.9506378,2.713379,0.6371002,-0.8615875,5.9387207,26.278687,-40.019226,-0.3433786,2.9082527,9.359196,1423619461404134191
10.380063,-5.5842834,-2.3481073,2.6663818,0.60398865,-1.0623932,5.9387207,26.278687,-40.019226,-0.40501738,3.1440203,9.280167,1423619461414052404
9.410319,-5.869464,-3.3046656,2.686676,0.496109,-1.1595917,7.1990967,24.479675,-41.819763,-0.47182122,3.3837066,9.192296,1423619461424306310
9.410319,-5.869464,-3.3046656,2.7219238,0.29743958,-1.1980438,7.1990967,24.479675,-41.819763,-0.47182122,3.3837066,9.192296,1423619461434163488
9.063802,-5.942866,-5.346657,2.6973572,0.11051941,-1.2407684,8.459473,22.31903,-43.43872,-0.57105106,3.851205,9.000695,1423619461444386876
8.78723,-5.9213595,-5.9078236,2.5990906,-0.009109497,-1.3219452,8.459473,22.31903,-43.43872,-0.6055021,4.0731025,8.900202,1423619461454305089
8.62536,-5.894015,-6.2147913,2.5040283,-0.14476013,-1.4191437,9.059143,20.159912,-44.87915,-0.6372748,4.29087,8.795038,1423619461464558996
8.624602,-5.794507,-6.4163074,2.4420776,-0.338089,-1.5366364,9.059143,20.159912,-44.87915,-0.6608689,4.491572,8.6924925,1423619461474477208
8.658271,-5.7944527,-6.742628,2.3779907,-0.48762512,-1.6883087,9.658813,17.819214,-45.959473,-0.6801538,4.6897388,8.585693,1423619461484700597
8.049145,-5.9980974,-7.1277742,2.2540894,-0.53889465,-1.8805695,9.658813,17.819214,-45.959473,-0.7028039,4.8696866,8.483078,1423619461494588292
7.3246627,-6.344188,-7.503502,2.0906677,-0.53141785,-2.0642853,9.899902,15.539551,-47.039795,-0.7400364,5.039708,8.379981,1423619461504842199
6.4796367,-6.7263823,-8.004958,1.9582214,-0.56559753,-2.2031403,9.899902,15.539551,-47.039795,-0.78828615,5.1874075,8.284914,1423619461514729894
5.875566,-6.8596597,-8.025116,1.852478,-0.6617279,-2.2992706,10.198975,13.619995,-48.059082,-0.8450467,5.326978,8.190213,1423619461525014318
5.875566,-6.8596597,-8.025116,1.7755737,-0.77815247,-2.3847198,10.198975,13.619995,-48.059082,-0.8450467,5.326978,8.190213,1423619461534902013
5.0846663,-6.8366165,-7.9799185,1.7114868,-0.8657379,-2.4541473,10.319519,12.059021,-49.01886,-0.90100574,5.450163,8.102734,1423619461545125402
4.255873,-7.1232615,-8.520605,1.648468,-0.9832306,-2.488327,10.319519,12.059021,-49.01886,-0.96090025,5.568289,8.015062,1423619461555074132
3.6483889,-7.4734845,-9.453192,1.5502014,-1.1851044,-2.4947357,10.079956,10.618591,-49.798584,-1.0190566,5.6754026,7.932321,1423619461565297521
3.187339,-7.554139,-10.14829,1.3739624,-1.338913,-2.4925995,10.079956,10.618591,-49.798584,-1.0721506,5.776683,7.8518033,1423619461575185216
2.7724915,-7.4506226,-10.352048,1.1165466,-1.3795013,-2.4947357,9.899902,9.298706,-50.338745,-1.1141647,5.8621325,7.782315,1423619461585439122
2.49535,-7.4272714,-9.991514,0.8260193,-1.2737579,-2.5054169,9.899902,9.298706,-50.338745,-1.1537629,5.931159,7.7240257,1423619461595326818
2.153698,-7.601869,-9.708803,0.5675354,-1.1562653,-2.5086212,8.938599,8.279419,-50.878906,-1.1978487,5.9747705,7.6835976,1423619461605611242
1.5456961,-7.718821,-9.679243,0.36566162,-1.1199493,-2.4851227,8.938599,8.279419,-50.878906,-1.2560263,5.996597,7.6572595,1423619461615468419
0.54137826,-8.035676,-9.8772745,0.24176025,-1.2299652,-2.3900604,8.279419,7.3791504,-51.298523,-1.320322,5.9983697,7.645044,1423619461625691808
-0.044678926,-7.9001803,-9.322588,0.14990234,-1.3880463,-2.2779083,8.279419,7.3791504,-51.298523,-1.4250202,5.966323,7.65132,1423619461635610021
-0.044678926,-7.9001803,-9.322588,0.04949951,-1.4200897,-2.1849823,7.319641,6.8984985,-52.018738,-1.4250202,5.966323,7.65132,1423619461645833410
0.073672175,-7.9635644,-9.2857685,-0.045562744,-1.404068,-2.135849,7.319641,6.8984985,-52.018738,-1.4549888,5.9385195,7.667293,1423619461655751622
-0.28754723,-7.635872,-10.116831,-0.17694092,-1.4745636,-2.1155548,6.1187744,6.77948,-52.259827,-1.4796022,5.9058514,7.6877875,1423619461665975011
-1.334315,-7.58618,-11.354313,-0.32754517,-1.7480011,-2.0536041,6.1187744,6.77948,-52.259827,-1.5023495,5.864398,7.715061,1423619461675893224
-2.1494846,-7.673174,-11.655085,-0.45892334,-2.2062225,-1.9403839,4.9194336,6.7199707,-52.49939,-1.5097858,5.813471,7.7520638,1423619461686116613
-2.654361,-7.8728747,-10.473259,-0.57107544,-2.6024933,-1.8090057,4.9194336,6.7199707,-52.49939,-1.4817642,5.7489734,7.8053875,1423619461696034826
-2.9141746,-8.286552,-9.23466,-0.72595215,-2.776596,-1.6519928,3.3599854,6.77948,-52.619934,-1.4124126,5.6769147,7.8707123,1423619461706258214
-3.069683,-8.581484,-8.10647,-0.9118042,-2.7541656,-1.4832306,3.3599854,6.77948,-52.619934,-1.3057753,5.593157,7.948706,1423619461716176427
-3.4132204,-8.477646,-7.4945564,-1.0656128,-2.7520294,-1.3101959,1.739502,7.019043,-52.49939,-1.18434,5.501054,8.031571,1423619461726399816
-3.6473746,-8.339196,-6.0086393,-1.1927185,-2.7958221,-1.135025,1.739502,7.019043,-52.49939,-0.8973854,5.2825255,8.213405,1423619461736318029
-3.6473746,-8.339196,-6.0086393,-1.3112793,-2.803299,-0.9716034,-0.29907227,7.559204,-52.378845,-0.8973854,5.2825255,8.213405,1423619461746541417
-3.5200243,-8.446352,-4.979867,-1.4255676,-2.7445526,-0.84236145,-0.29907227,7.559204,-52.378845,-0.72713643,5.1570215,8.30944,1423619461756459630
-3.578178,-8.537112,-4.2515125,-1.5270386,-2.6890106,-0.73020935,-2.0996094,8.279419,-52.139282,-0.5526984,5.0257773,8.402765,1423619461766683019
-3.7179654,-8.529165,-3.9019365,-1.6221008,-2.6751251,-0.6084442,-2.0996094,8.279419,-52.139282,-0.36736745,4.881844,8.497236,1423619461776601232
-3.8171387,-8.178095,-3.1476974,-1.7192993,-2.6249237,-0.5005646,-4.1397095,9.599304,-51.53961,-0.18143706,4.7336097,8.58664,1423619461786824621
-3.83421,-8.070755,-2.510826,-1.8068848,-2.5565643,-0.41404724,-4.1397095,9.599304,-51.53961,0.017018544,4.5719895,8.675656,1423619461796742833
-4.1925817,-8.322088,-1.8335943,-1.9094238,-2.450821,-0.3339386,-6.4193726,10.85968,-50.878906,0.21101372,4.4049573,8.759122,1423619461806966222
-5.118873,-9.141918,-1.89363,-2.0824585,-2.3610992,-0.18119812,-6.4193726,10.85968,-50.878906,0.40817615,4.221984,8.841868,1423619461816884435
-5.690923,-9.470735,-1.0681038,-2.2875366,-2.2339935,0.028152466,-8.279419,12.298584,-50.039673,0.5967251,4.0287886,8.920939,1423619461827107824
-5.351216,-8.647455,2.8903599,-2.3954163,-2.0662994,0.21827698,-8.279419,12.298584,-50.039673,0.9765039,3.5773246,9.078523,1423619461837026037
-5.351216,-8.647455,2.8903599,-2.4093018,-1.9092865,0.35179138,-10.438538,13.978577,-48.838806,0.9765039,3.5773246,9.078523,1423619461847249425
-5.2636695,-8.397842,4.461115,-2.3815308,-1.7052765,0.45326233,-10.438538,13.978577,-48.838806,1.1594956,3.328749,9.151251,1423619461857167638
-5.9800854,-8.5610895,5.498102,-2.3409424,-1.4831085,0.5995941,-12.11853,15.779114,-47.399902,1.3223927,3.082934,9.215052,1423619461867391027
-6.7185216,-8.734185,6.388239,-2.2875366,-1.2513275,0.8036041,-12.11853,15.779114,-47.399902,1.4723134,2.8286963,9.273681,1423619461877309240
-6.8531303,-8.307785,7.0733023,-2.2330627,-1.0013885,1.0118866,-13.739014,17.819214,-45.83893,1.5998181,2.5816908,9.324475,1423619461887563146
-6.52847,-7.5170455,7.0905704,-2.1935425,-0.81340027,1.1774445,-13.739014,17.819214,-45.83893,1.7139612,2.3287644,9.370677,1423619461897450841
-6.2035174,-6.710595,6.891011,-2.161499,-0.7258148,1.302414,-14.99939,19.619751,-43.859863,1.8060952,2.0855021,9.4105835,1423619461907674230
-6.398888,-6.239106,6.5517178,-2.124115,-0.79203796,1.4369965,-14.99939,19.619751,-43.859863,1.8888133,1.8350048,9.446456,1423619461917592443
-5.7992983,-5.7929373,8.204293,-2.0760498,-0.96507263,1.5673065,-16.139221,21.659851,-41.93878,2.0595617,1.3399554,9.493846,1423619461927846349
-5.7992983,-5.7929373,8.204293,-2.0247803,-0.9853668,1.6847992,-16.139221,21.659851,-41.93878,2.0595617,1.3399554,9.493846,1423619461937764562
-5.6430955,-5.8670635,10.101834,-1.9371948,-0.8315582,1.8087006,-16.97998,23.2193,-39.89868,2.1544733,1.0964036,9.504027,1423619461947987951
-5.1006665,-4.8407645,11.451874,-1.8218384,-0.6328888,1.9742584,-16.97998,23.2193,-39.89868,2.309418,0.6166466,9.510875,1423619461957906164
-5.1006665,-4.8407645,11.451874,-1.6872559,-0.45451355,2.1205902,-17.279053,24.958801,-37.61902,2.309418,0.6166466,9.510875,1423619461968129552
-4.320348,-4.3808174,11.180736,-1.5131531,-0.38508606,2.2081757,-17.279053,24.958801,-37.61902,2.358255,0.38569817,9.51106,1423619461978017247
-4.175625,-3.6880763,10.205311,-1.2301025,-0.47373962,2.3480988,-17.399597,26.69983,-35.4599,2.3898168,0.1751163,9.50939,1423619461988240636
-3.9319592,-3.4967408,9.917917,-1.1094055,-0.49189758,2.4089813,-17.399597,26.69983,-35.4599,2.4200141,-0.02251647,9.503337,1423619461998158849
-3.6275523,-3.6884496,10.050238,-1.0506592,-0.47587585,2.4954987,-17.098999,28.019714,-33.239746,2.449887,-0.1984792,9.493631,1423619462008412755
-3.5394235,-3.8063798,9.702746,-1.0239563,-0.49510193,2.6044464,-17.098999,28.019714,-33.239746,2.4771369,-0.3736727,9.481274,1423619462018300451
-3.189007,-4.1802063,9.307536,-1.0143433,-0.5367584,2.7614594,-16.918945,29.159546,-31.259155,2.4993303,-0.54233056,9.467292,1423619462028554357
-3.4237084,-3.6602166,9.218223,-0.9395752,-0.54530334,2.9077911,-16.918945,29.159546,-31.259155,2.5199134,-0.71724796,9.450184,1423619462038442052
-1.2834411,-2.9159713,11.487641,-0.81033325,-0.47587585,2.9665375,-16.378784,30.299377,-29.399109,2.5482597,-1.0494715,9.411449,1423619462048695958
-1.2834411,-2.9159713,11.487641,-0.66934204,-0.32099915,2.9676056,-16.378784,30.299377,-29.399109,2.5482597,-1.0494715,9.411449,1423619462058583654
-0.45329475,-2.4217756,12.288793,-0.511261,-0.1703949,2.97081,-15.658569,31.3797,-27.778625,2.5447745,-1.1949304,9.395033,1423619462068837560
-0.14692664,-2.4010558,12.446085,-0.38415527,-0.063583374,3.0113983,-15.658569,31.3797,-27.778625,2.5229115,-1.3304937,9.382702,1423619462078725255
-0.029228926,-2.200573,11.903302,-0.3435669,0.07740784,3.109665,-14.759827,32.27997,-26.219177,2.4860823,-1.4471833,9.375257,1423619462088979162
2.0304167,-0.85171604,11.592345,-0.3296814,0.26646423,3.1075287,-14.759827,32.27997,-26.219177,2.3658566,-1.6621666,9.370715,1423619462098866857
2.0304167,-0.85171604,11.592345,-0.26132202,0.49290466,3.008194,-13.859558,33.059692,-25.2594,2.3658566,-1.6621666,9.370715,1423619462109120763
4.706033,0.721715,13.4270525,-0.08401489,0.6712799,2.805252,-13.859558,33.059692,-25.2594,2.2796912,-1.7562636,9.374909,1423619462119008458
4.810672,0.47454977,12.76969,0.09649658,0.7951813,2.5969696,-12.838745,33.659363,-24.35913,2.1787832,-1.830046,9.384787,1423619462129262365
3.2137098,-0.7776923,10.437251,0.20758057,0.7951813,2.5147247,-12.838745,33.659363,-24.35913,1.9399914,-1.9188696,9.419382,1423619462139180578
3.2137098,-0.7776923,10.437251,0.33148193,0.68196106,2.5435638,-11.759949,34.13849,-23.999023,1.9399914,-1.9188696,9.419382,1423619462149403966
3.501502,-0.8410764,10.942714,0.5034485,0.57514954,2.5980377,-11.759949,34.13849,-23.999023,1.8218112,-1.9391038,9.438817,1423619462159322179
4.192366,-0.7107558,11.67165,0.64764404,0.6082611,2.6674652,-10.679626,34.799194,-23.75946,1.7177296,-1.941834,9.457752,1423619462169545568
5.6227865,-0.56425595,12.550462,0.7832947,0.7674103,2.6973724,-10.679626,34.799194,-23.75946,1.6156566,-1.9269189,9.478767,1423619462179433263
7.353279,-0.28432846,13.249623,0.9584656,0.96287537,2.6322174,-9.298706,35.398865,-23.878479,1.5115613,-1.8962942,9.502087,1423619462189687169
8.665022,-0.15298688,13.566039,1.1688843,1.163681,2.5125885,-9.298706,35.398865,-23.878479,1.3901497,-1.8459648,9.530493,1423619462199574865
10.286402,0.1630801,11.696031,1.3728943,1.3110809,2.3833466,-8.099365,35.639954,-24.35913,1.114222,-1.6758198,9.597943,1423619462209828771
10.286402,0.1630801,11.696031,1.5576782,1.3570099,2.2530365,-8.099365,35.639954,-24.35913,1.114222,-1.6758198,9.597943,1423619462219746984
10.994721,0.12087917,10.799225,1.7574158,1.3153534,2.109909,-6.5994263,35.699463,-25.079346,0.9707681,-1.556767,9.633508,1423619462229970372
11.479398,0.047225118,10.072975,1.973175,1.2299042,1.951828,-6.5994263,35.699463,-25.079346,0.82815033,-1.4108415,9.669233,1423619462239858068
12.038062,0.10951388,9.337743,2.1408691,1.2021332,1.7563629,-5.039978,35.57892,-26.219177,0.70365363,-1.245423,9.701761,1423619462250142492
12.212765,-0.13459957,8.21323,2.2241821,1.2598114,1.5502167,-5.039978,35.57892,-26.219177,0.58491683,-1.0512275,9.732583,1423619462260030187
11.8367605,-0.52317715,6.812402,2.2359314,1.3174896,1.3782501,-3.0593872,35.339355,-27.479553,0.4752055,-0.8501194,9.758169,1423619462270284093
11.453085,-0.7392967,5.9268866,2.2551575,1.3100128,1.2393951,-3.0593872,35.339355,-27.479553,0.35884887,-0.63456476,9.779516,1423619462280141271
11.485603,-0.88406366,5.4594297,2.3309937,1.2384491,1.0909271,-1.1398315,34.858704,-29.039001,0.2497071,-0.4239851,9.794298,1423619462290364660
11.386427,-1.8742353,5.4078217,2.4655762,1.13591,0.9285736,-1.1398315,34.858704,-29.039001,0.05172026,0.027547497,9.806476,1423619462300282872
11.386427,-1.8742353,5.4078217,2.6695862,1.0077362,0.7875824,0.4196167,34.07898,-30.659485,0.05172026,0.027547497,9.806476,1423619462310506261
10.801398,-2.0616522,4.530965,2.8426208,0.8678131,0.681839,0.4196167,34.07898,-30.659485,-0.030847512,0.2794907,9.802618,1423619462320424474
10.452057,-2.1993876,3.418047,2.9163208,0.7695465,0.5931854,0.4196167,34.07898,-30.659485,-0.09605227,0.54213345,9.7911825,1423619462330647863
10.477628,-2.418956,2.6066895,2.9131165,0.72361755,0.48957825,2.1591187,32.998657,-32.398987,-0.15042062,0.8247861,9.770746,1423619462340566076
10.477628,-2.418956,2.6066895,2.8661194,0.6787567,0.3528595,3.8986206,31.678772,-34.13849,-0.15042062,0.8247861,9.770746,1423619462350789464
10.572309,-2.5713155,1.7633982,2.7860107,0.5997162,0.17341614,3.8986206,31.678772,-34.13849,-0.19407518,1.1015056,9.74266,1423619462360738195
10.223145,-2.6211262,0.8503609,2.7208557,0.5078583,-6.866455E-4,5.6991577,30.119324,-35.939026,-0.23569126,1.3836068,9.705692,1423619462370931066
10.261296,-2.9152613,0.89717674,2.7112427,0.40638733,-0.11924744,5.6991577,30.119324,-35.939026,-0.270226,1.6498669,9.66309,1423619462380849279
9.06981,-3.6633618,1.3983774,2.7390137,0.32307434,-0.21217346,6.8389893,28.199768,-37.85858,-0.30242604,1.9121432,9.613669,1423619462391072667
9.096138,-3.9385703,1.457097,2.7496948,0.28141785,-0.2848053,6.8389893,28.199768,-37.85858,-0.32624206,2.1611593,9.559987,1423619462401021398
8.429053,-4.5032015,1.0658445,2.7731934,0.2707367,-0.32539368,6.8389893,28.199768,-37.85858,-0.34621727,2.4160712,9.498059,1423619462411214269
8.445798,-4.7757025,1.1409445,2.8693237,0.20985413,-0.35316467,8.279419,26.098633,-39.718628,-0.3614199,2.6630855,9.4312105,1423619462421132482
8.742804,-5.1381197,0.13226795,3.0028381,0.070999146,-0.40870667,8.938599,23.999023,-41.218567,-0.38919565,3.1645706,9.273856,1423619462431416906
9.300047,-5.116833,-1.4612637,3.084015,-0.1073761,-0.5304718,8.938599,23.999023,-41.218567,-0.39404592,3.432768,9.177757,1423619462441274083
9.82078,-4.417747,-5.3556404,3.0498352,-0.33381653,-0.7248688,9.838867,21.598816,-42.658997,-0.36872455,3.9751062,8.957286,1423619462451497472
9.82078,-4.417747,-5.3556404,2.872528,-0.50364685,-0.9918976,9.838867,21.598816,-42.658997,-0.36872455,3.9751062,8.957286,1423619462461446203
9.546127,-4.4911456,-6.149315,2.6279297,-0.5923004,-1.2792206,10.438538,19.319153,-44.039917,-0.344712,4.2313933,8.840072,1423619462471639074
7.323731,-5.979654,-5.136236,2.4196472,-0.62327576,-1.5045929,10.438538,19.319153,-44.039917,-0.31955093,4.6762366,8.614005,1423619462481557287
6.2526245,-6.3018928,-4.5268517,2.3395386,-0.69270325,-1.6274261,10.739136,16.97998,-45.41931,-0.3234208,4.87251,8.504377,1423619462491780675
6.2526245,-6.3018928,-4.5268517,2.371582,-0.7931061,-1.6840363,10.739136,16.97998,-45.41931,-0.3234208,4.87251,8.504377,1423619462501729406
5.434087,-6.6127214,-4.3455,2.4773254,-0.93943787,-1.7107391,10.919189,14.759827,-46.679688,-0.32971987,5.05795,8.395166,1423619462511922277
5.3388457,-6.7667136,-5.1353226,2.5414124,-1.0932465,-1.7620087,10.919189,14.759827,-46.679688,-0.33251494,5.2518544,8.275134,1423619462521840490
5.205097,-6.9715595,-6.6099005,2.491211,-1.2481232,-1.8378448,10.739136,12.419128,-47.698975,-0.3295596,5.4458055,8.148925,1423619462532063878
4.964044,-7.2511015,-7.9695034,2.33313,-1.4072723,-1.9083405,10.739136,12.419128,-47.698975,-0.32322058,5.6443086,8.012971,1423619462541982091
4.3045516,-7.417641,-8.614122,2.1355286,-1.5760345,-1.9638824,10.798645,10.559082,-48.658752,-0.31515956,5.8260083,7.882176,1423619462552205480
4.1410356,-7.4112616,-8.581558,1.8909302,-1.6144867,-2.043991,10.798645,10.559082,-48.658752,-0.303429,5.9961867,7.753971,1423619462562123693
3.772687,-7.757748,-8.193973,1.6068115,-1.4916534,-2.1379852,10.258484,8.639526,-49.438477,-0.29373288,6.1410913,7.640098,1423619462572377599
2.8473313,-8.049124,-8.026165,1.3472595,-1.3421173,-2.1967316,10.258484,8.639526,-49.438477,-0.29954588,6.2676167,7.536421,1423619462582265294
1.6968234,-8.244318,-7.4752145,1.1955872,-1.2812347,-2.1903229,9.779358,6.77948,-50.39978,-0.3263452,6.366708,7.4517727,1423619462592519201
0.2291683,-8.631955,-6.718825,1.1560669,-1.2897797,-2.144394,9.779358,6.77948,-50.39978,-0.41524312,6.5235066,7.3103914,1423619462602406896
0.2291683,-8.631955,-6.718825,1.0951843,-1.2385101,-2.0749664,8.879089,5.279541,-51.179504,-0.41524312,6.5235066,7.3103914,1423619462612630285
-0.38637602,-8.7425995,-7.169226,0.94992065,-1.1338348,-1.9831085,8.879089,5.279541,-51.179504,-0.46444532,6.593799,7.2440658,1423619462622579015
-0.69529474,-8.335815,-8.321734,0.7277527,-1.0857697,-1.8976593,8.279419,3.9596558,-51.59912,-0.5158167,6.655526,7.183891,1423619462632771886
-0.734914,-7.943508,-9.240517,0.45751953,-1.1413116,-1.838913,8.279419,3.9596558,-51.59912,-0.5700946,6.7060046,7.1326632,1423619462642690099
-0.7835006,-7.72971,-8.979332,0.21612549,-1.2609406,-1.783371,7.499695,3.0593872,-52.079773,-0.6195028,6.736932,7.0993204,1423619462652944005
-0.7858575,-7.5363746,-7.9063,0.033477783,-1.3453217,-1.7395782,7.499695,3.0593872,-52.079773,-0.6609156,6.7485704,7.0845165,1423619462662892736
-1.2680309,-7.502849,-6.2849894,-0.05731201,-1.3869781,-1.6648102,6.3598633,2.0385742,-52.378845,-0.69192606,6.742605,7.087235,1423619462673055089
-1.9061306,-7.759342,-4.741307,-0.05303955,-1.3987274,-1.5398407,6.3598633,2.0385742,-52.378845,-0.7160499,6.724332,7.1021843,1423619462682973302
-2.1453648,-7.4311194,-4.3205643,-0.037017822,-1.3933868,-1.4052582,5.3390503,1.6799927,-52.859497,-0.73117673,6.703597,7.1202216,1423619462693196691
-1.7788534,-6.802123,-5.477321,-0.096832275,-1.4905853,-1.3166046,5.3390503,1.6799927,-52.859497,-0.73607683,6.6861134,7.136138,1423619462703145421
-0.63341755,-6.0012565,-6.062921,-0.27734375,-1.6006012,-1.3272858,4.1397095,1.3793945,-52.978516,-0.7074506,6.645574,7.176785,1423619462713368810
-0.63341755,-6.0012565,-6.062921,-0.5401001,-1.5760345,-1.3657379,4.1397095,1.3793945,-52.978516,-0.7074506,6.645574,7.176785,1423619462723256505
-0.9601782,-6.1881275,-4.856225,-0.7857666,-1.4339752,-1.3828278,3.2989502,1.4389038,-52.978516,-0.68626696,6.6040382,7.2170706,1423619462733479894
-2.4044106,-6.4467573,-2.1549368,-0.9246216,-1.2662811,-1.3593292,3.2989502,1.4389038,-52.978516,-0.66931504,6.4612727,7.346725,1423619462743428624
-2.4044106,-6.4467573,-2.1549368,-0.9267578,-1.1819,-1.2717438,2.218628,1.739502,-52.978516,-0.66931504,6.4612727,7.346725,1423619462753621496
-2.841352,-6.304228,-1.9952545,-0.8754883,-1.1765594,-1.1574554,2.218628,1.739502,-52.978516,-0.67123425,6.375337,7.421247,1423619462763539708
-2.582909,-6.2494035,-2.4248056,-0.8904419,-1.1551971,-1.0816193,1.0787964,2.218628,-52.799988,-0.66771644,6.293875,7.4907727,1423619462773793615
-2.2529902,-6.083182,-2.9550252,-1.0175476,-1.0676117,-1.0474396,1.0787964,2.218628,-52.799988,-0.6443571,6.126975,7.6298995,1423619462783711828
-2.2529902,-6.083182,-2.9550252,-1.2194214,-0.92448425,-1.042099,0.0,2.9388428,-52.919006,-0.6443571,6.126975,7.6298995,1423619462793904699
-2.7763667,-5.909505,-0.91075754,-1.3988647,-0.75679016,-1.0282135,0.0,2.9388428,-52.919006,-0.64266676,5.909486,7.799701,1423619462803822912
-3.2379506,-5.3866262,0.026163101,-1.4779053,-0.5848236,-1.0089874,-1.1398315,3.779602,-52.919006,-0.6585044,5.7781744,7.8961673,1423619462814046300
-3.2379506,-5.3866262,0.026163101,-1.4244995,-0.5207367,-0.9737396,-1.1398315,3.779602,-52.919006,-0.6585044,5.7781744,7.8961673,1423619462823995031
-3.3744524,-5.623571,-0.5615845,-1.3219604,-0.61579895,-0.9235382,-2.0996094,4.9194336,-52.859497,-0.6804492,5.6478915,7.9880347,1423619462834187902
-3.6281357,-5.334315,-2.658966,-1.2973938,-0.79737854,-0.875473,-2.0996094,4.9194336,-52.859497,-0.6994188,5.4024973,8.154399,1423619462844106115
-3.6281357,-5.334315,-2.658966,-1.3913879,-0.96507263,-0.8231354,-2.999878,6.059265,-52.5589,-0.6994188,5.4024973,8.154399,1423619462854360021
-3.499611,-5.2973566,-2.234889,-1.5804443,-0.9757538,-0.7740021,-2.999878,6.059265,-52.5589,-0.6814527,5.276179,8.2382,1423619462864247716
-3.3217936,-5.190853,-0.74879074,-1.8111572,-0.74076843,-0.7494354,-2.999878,6.059265,-52.5589,-0.65198624,5.140287,8.326029,1423619462874471105
-3.4902296,-4.76086,0.7029257,-2.0012817,-0.37226868,-0.7462311,-3.8986206,7.3791504,-52.139282,-0.62701106,4.98019,8.424664,1423619462884389318
-3.4902296,-4.76086,0.7029257,-2.05896,-0.05290222,-0.73127747,-4.8599243,8.879089,-51.779175,-0.62701106,4.98019,8.424664,1423619462894612706
-3.9167511,-4.5095477,2.0629683,-1.9895325,0.014389038,-0.6693268,-4.8599243,8.879089,-51.779175,-0.6266092,4.8043137,8.526214,1423619462904530919
-5.051831,-4.394984,1.2869225,-1.8891296,-0.15330505,-0.5657196,-5.4595947,10.258484,-50.878906,-0.69859016,4.4211144,8.725601,1423619462914754308
-4.877206,-4.5525036,1.2675238,-1.799408,-0.36265564,-0.4610443,-5.4595947,10.258484,-50.878906,-0.7323621,4.2320137,8.816127,1423619462924672521
-4.7178416,-4.389993,2.3669252,-1.7492065,-0.39897156,-0.3488922,-6.239319,11.938477,-49.978638,-0.74267256,4.0547266,8.898203,1423619462934895910
-4.574829,-3.4650607,3.1043482,-1.7032776,-0.3113861,-0.25917053,-6.239319,11.938477,-49.978638,-0.735488,3.879226,8.976695,1423619462944814122
-4.529199,-2.5523498,2.6814241,-1.6723022,-0.2622528,-0.19721985,-7.019043,13.499451,-49.198914,-0.72617054,3.714718,9.046763,1423619462955037511
-2.3062632,-1.3220782,3.1224432,-1.8432007,0.18955994,-0.3264618,-7.019043,13.499451,-49.198914,-0.7140539,3.2208595,9.235073,1423619462985097326
-2.16825,-1.3113112,2.7389984,-1.9403992,0.37968445,-0.41938782,-8.039856,16.259766,-47.158813,-0.7357964,3.04823,9.291786,1423619462995320714
-2.16825,-1.3113112,2.7389984,-2.0984802,0.41493225,-0.45890808,-8.039856,16.259766,-47.158813,-0.7357964,3.04823,9.291786,1423619463005208410
-5.4344172,-1.4208374,3.7762136,-2.2554932,0.30812073,-0.3264618,-8.399963,17.759705,-46.07849,-0.90255046,2.4485593,9.45306,1423619463015431798
-4.9938965,-0.9729593,4.9442873,-2.2277222,0.31025696,-0.12031555,-8.399963,17.759705,-46.07849,-0.948193,2.2305841,9.502411,1423619463025350011
-3.8376384,-0.15895605,4.937005,-2.0664368,0.23548889,0.062332153,-8.699036,19.07959,-45.059204,-0.98364115,2.0182047,9.546187,1423619463035573400
-2.1927223,0.5127994,5.9253674,-1.9211731,0.14256287,0.16807556,-8.699036,19.07959,-45.059204,-1.0031453,1.8286333,9.582285,1423619463045491613
-1.3661672,0.9352839,6.4282827,-1.8175659,0.21626282,0.14671326,-9.118652,20.579529,-43.67981,-1.0194575,1.6469117,9.613468,1423619463055684484
-1.524348,1.013207,6.1129303,-1.6851196,0.32521057,0.06340027,-9.118652,20.579529,-43.67981,-1.0457766,1.4803766,9.637698,1423619463065633214
-2.3630369,0.8090519,5.8497925,-1.531311,0.32948303,0.006790161,-9.47876,22.198486,-42.599487,-1.0815917,1.3225316,9.65668,1423619463075826085
-2.3630369,0.8090519,5.8497925,-1.3903198,0.26646423,0.050582886,-9.47876,22.198486,-42.599487,-1.0815917,1.3225316,9.65668,1423619463085774816
-2.018414,1.0991484,5.5283566,-1.2792358,0.22801208,0.18196106,-9.4192505,23.15979,-41.63971,-1.1401086,1.0535151,9.683008,1423619463095998205
-1.5998375,1.2169361,6.3903685,-1.3038025,0.32948303,0.23963928,-9.4192505,23.15979,-41.63971,-1.1666774,0.9332037,9.692182,1423619463105916417
-1.0159566,1.0159686,7.3659496,-1.2503967,0.45018005,0.27381897,-9.4192505,24.238586,-40.319824,-1.2031218,0.81060433,9.698753,1423619463116139806
-1.0159566,1.0159686,7.3659496,-1.1115417,0.4736786,0.29518127,-9.4192505,24.238586,-40.319824,-1.2031218,0.81060433,9.698753,1423619463126027501
-0.72187257,1.0960846,7.662343,-0.95132446,0.4330902,0.2898407,-9.47876,25.439453,-38.99994,-1.244529,0.70198995,9.701997,1423619463136281408
-0.12588465,1.1790757,7.2277737,-0.77401733,0.41279602,0.25886536,-9.47876,25.439453,-38.99994,-1.2855517,0.6048415,9.703191,1423619463146199621
0.28295493,1.2977617,7.2507143,-0.5977783,0.44483948,0.23002625,-9.239197,26.339722,-37.61902,-1.321589,0.5274893,9.702863,1423619463156423009
-0.15191483,1.2278938,6.0468626,-0.46746826,0.42881775,0.23643494,-9.239197,26.339722,-37.61902,-1.3989602,0.4194692,9.697286,1423619463166341222
-0.27476454,1.1646864,4.75021,-0.41833496,0.37968445,0.27168274,-9.4192505,27.23999,-36.299133,-1.436917,0.381537,9.693301,1423619463176564611
-0.27476454,1.1646864,4.75021,-0.4076538,0.27928162,0.3186798,-9.4192505,27.23999,-36.299133,-1.436917,0.381537,9.693301,1423619463186482824
-0.4155469,1.1525023,3.7420864,-0.40444946,0.19703674,0.3742218,-9.4192505,27.89917,-35.4599,-1.4671006,0.3484725,9.690024,1423619463196767247
-0.4147824,1.1567327,3.598528,-0.4065857,0.21092224,0.4361725,-9.4192505,27.89917,-35.4599,-1.489247,0.3157174,9.687768,1423619463206624425
-0.32705212,0.9304683,3.9487648,-0.3991089,0.2718048,0.47035217,-9.359741,28.259277,-34.61914,-1.5067728,0.28488594,9.686014,1423619463216847814
0.50704074,0.90439373,4.0366135,-0.3713379,0.28675842,0.48316956,-9.359741,28.259277,-34.61914,-1.5266608,0.25388974,9.683762,1423619463226766027
0.9291047,1.1861895,4.1974096,-0.32113647,0.28141785,0.46928406,-9.1796875,28.49884,-33.95996,-1.5485276,0.22671558,9.6809635,1423619463236958898
1.3098483,1.0456102,4.451789,-0.2250061,0.26646423,0.44898987,-9.1796875,28.49884,-33.95996,-1.591576,0.1856768,9.674854,1423619463246907628
1.3333458,0.8594257,4.2068996,-0.08935547,0.19917297,0.43403625,-9.298706,29.039001,-33.239746,-1.6089641,0.17921133,9.672099,1423619463257100499
1.3333458,0.8594257,4.2068996,0.04949951,0.113723755,0.42869568,-9.298706,29.039001,-33.239746,-1.6089641,0.17921133,9.672099,1423619463267049230
1.4269271,0.6905762,4.105198,0.17126465,0.07847595,0.42869568,-9.059143,29.458618,-32.63855,-1.6183372,0.1856673,9.670414,1423619463277272619
1.547641,0.6580368,3.6836977,0.24282837,0.10197449,0.4169464,-9.059143,29.458618,-32.63855,-1.6219978,0.20506622,9.669409,1423619463287190831
1.4926008,0.5238503,2.955862,0.26312256,0.13508606,0.40733337,-8.999634,29.519653,-32.27997,-1.6251775,0.23281524,9.668246,1423619463297383703
1.5345577,0.45584238,2.4490423,0.26312256,0.1521759,0.4019928,-8.999634,29.519653,-32.27997,-1.631366,0.26551175,9.666361,1423619463307332433
1.3886138,0.2643966,2.094758,0.27487183,0.14042664,0.4094696,-8.999634,29.699707,-32.218933,-1.6400709,0.29787478,9.663944,1423619463317525304
1.2423118,-0.021859467,2.2817945,0.32507324,0.11479187,0.4308319,-8.999634,29.699707,-32.218933,-1.6494756,0.33093593,9.661268,1423619463327474035
1.4102389,-0.13122135,1.6355515,0.36245728,0.10517883,0.45539856,-8.639526,29.699707,-32.339478,-1.6618348,0.40701362,9.656243,1423619463337666906
1.7417957,-0.06873307,1.5318451,0.3571167,0.12654114,0.46821594,-8.639526,29.699707,-32.339478,-1.6664929,0.44904116,9.653577,1423619463347646154
1.8149776,-0.099173784,1.8352661,0.34536743,0.17567444,0.46394348,-8.279419,29.638672,-32.27997,-1.6743068,0.49109998,9.650176,1423619463357839025
1.8149776,-0.099173784,1.8352661,0.36779785,0.23014832,0.46073914,-8.279419,29.638672,-32.27997,-1.6743068,0.49109998,9.650176,1423619463367787755
1.8226753,-0.20733672,2.062955,0.43615723,0.25151062,0.46714783,-7.978821,29.638672,-32.339478,-1.6864982,0.5323179,9.645866,1423619463377980626
2.0600896,-0.35555315,1.6906528,0.50878906,0.18528748,0.47462463,-7.978821,29.638672,-32.339478,-1.7022306,0.57878464,9.640426,1423619463387898839
2.1714826,-0.3514647,0.8955574,0.5675354,0.014389038,0.46394348,-7.739258,29.699707,-32.339478,-1.7150499,0.6309941,9.634876,1423619463398122228
2.1471076,-0.3749622,1.0640669,0.6230774,-0.15437317,0.44792175,-7.739258,29.699707,-32.339478,-1.7164909,0.69122124,9.630486,1423619463408040441
2.3450449,-0.5765099,1.8375673,0.65618896,-0.17573547,0.422287,-7.4386597,29.579163,-32.339478,-1.7005674,0.75421715,9.628583,1423619463418294347
2.2281415,-0.6831272,2.404128,0.6390991,0.0015716553,0.39985657,-7.4386597,29.579163,-32.339478,-1.6748556,0.82293606,9.627461,1423619463428182042
2.1900632,-0.79066163,2.4879103,0.60491943,0.23121643,0.39344788,-7.0785522,29.278564,-32.939148,-1.6572411,0.88907546,9.624629,1423619463438435949
2.1943095,-0.91347647,2.2488003,0.6241455,0.34016418,0.37528992,-7.0785522,29.278564,-32.939148,-1.6766397,1.017349,9.608552,1423619463448354162
2.1943095,-0.91347647,2.2488003,0.68930054,0.34657288,0.37208557,-6.8389893,29.219055,-33.299255,-1.6766397,1.017349,9.608552,1423619463458547033
1.9080741,-1.2354152,2.3436031,0.76727295,0.33802795,0.39985657,-6.8389893,29.219055,-33.299255,-1.7010993,1.084633,9.596886,1423619463468495763
1.5049063,-1.345001,2.302719,0.8623352,0.28996277,0.45646667,-6.4193726,28.979492,-33.779907,-1.7252603,1.1569833,9.584115,1423619463478688634
1.6861662,-1.3224139,1.8445168,0.9477844,0.19703674,0.4863739,-6.4193726,28.979492,-33.779907,-1.7462953,1.2405452,9.569842,1423619463488606847
2.3389854,-1.0009658,1.2512217,0.95526123,0.12760925,0.4511261,-6.1187744,28.619385,-34.199524,-1.7577645,1.3319793,9.555443,1423619463498830236
2.629263,-1.0169339,0.88560486,0.90078735,0.10517883,0.39131165,-6.1187744,28.619385,-34.199524,-1.7608987,1.4307982,9.540568,1423619463508748449
2.616129,-1.0714015,0.76231,0.8281555,0.08274841,0.32722473,-5.758667,28.379822,-34.55963,-1.7596972,1.5233332,9.526453,1423619463518971837
2.5432906,-1.1482528,1.3230591,0.7993164,0.07206726,0.27275085,-5.758667,28.379822,-34.55963,-1.756968,1.6109672,9.51253,1423619463528890050
2.2498982,-1.3570279,1.811429,0.82922363,0.059249878,0.24177551,-5.279541,27.89917,-35.279846,-1.7536906,1.6892589,9.499545,1423619463539113439
1.9554431,-1.4258165,2.8729668,0.9328308,0.07633972,0.23002625,-5.279541,27.89917,-35.279846,-1.750092,1.7686069,9.485757,1423619463549031652
1.5955673,-1.7247244,3.2198572,1.046051,0.13188171,0.25138855,-4.978943,27.418518,-35.939026,-1.7475141,1.850349,9.470628,1423619463559224523
2.2052522,-1.7187715,1.6497164,1.0663452,0.18101501,0.25352478,-4.978943,27.418518,-35.939026,-1.7523736,2.0445971,9.429698,1423619463569203771
2.2052522,-1.7187715,1.6497164,1.0054626,0.2077179,0.22254944,-4.499817,27.059937,-36.71875,-1.7523736,2.0445971,9.429698,1423619463579427160
2.3235445,-1.7728682,1.7964172,0.953125,0.22694397,0.18623352,-4.499817,27.059937,-36.71875,-1.7602348,2.1439655,9.406135,1423619463589345372
2.2562704,-1.8930635,2.2935228,0.94244385,0.2568512,0.1712799,-4.1397095,26.519775,-37.078857,-1.7702338,2.2336137,9.383369,1423619463599568761
2.1961205,-2.1534433,2.0690641,0.92749023,0.25578308,0.17875671,-4.1397095,26.519775,-37.078857,-1.7836807,2.3220093,9.359335,1423619463609456456
2.3456903,-2.1543026,1.8498411,0.9328308,0.18101501,0.1915741,-3.6590576,25.738525,-37.799072,-1.7974651,2.4059951,9.335454,1423619463619679845
2.8232923,-2.0849106,1.6898117,0.9723511,0.044296265,0.20652771,-3.6590576,25.738525,-37.799072,-1.8061677,2.5788374,9.287504,1423619463629598058
3.1679397,-1.9688058,2.5456104,1.0310974,-0.13621521,0.20332336,-3.2989502,25.138855,-38.398743,-1.7884221,2.672147,9.264533,1423619463639821447
3.1679397,-1.9688058,2.5456104,1.1507263,-0.27720642,0.16273499,-3.2989502,25.138855,-38.398743,-1.7884221,2.672147,9.264533,1423619463649739660
3.2320242,-2.0300384,3.9783812,1.3632813,-0.34877014,0.115737915,-2.9388428,24.598694,-39.118958,-1.7559566,2.768989,9.242278,1423619463659963048
3.4364552,-2.2833993,4.1639376,1.5523376,-0.34770203,0.056991577,-2.9388428,24.598694,-39.118958,-1.7134075,2.8828511,9.21541,1423619463669881261
3.522016,-2.3973196,3.614624,1.6281738,-0.24302673,-0.014572144,-2.8198242,23.939514,-39.718628,-1.6701751,3.0101662,9.182582,1423619463680135167
3.693122,-2.3183897,2.5984983,1.5630188,-0.057174683,-0.110702515,-2.8198242,23.939514,-39.718628,-1.6327903,3.1536283,9.141062,1423619463690022863
3.886455,-2.153993,1.9622717,1.4401855,0.15003967,-0.23460388,-2.519226,23.15979,-40.13977,-1.6119732,3.291032,9.09621,1423619463700276769
3.9469144,-2.2008734,1.5088272,1.3461914,0.292099,-0.36384583,-2.519226,23.15979,-40.13977,-1.6128716,3.4227042,9.047327,1423619463710194982
3.6840158,-2.2058277,1.0817747,1.3109436,0.31880188,-0.47172546,-2.4597168,22.259521,-40.73944,-1.6342871,3.5377765,8.99909,1423619463720418371
3.1330795,-2.2861545,0.3329525,1.3451233,0.16819763,-0.52619934,-2.4597168,22.259521,-40.73944,-1.6704185,3.648253,8.948203,1423619463730336583
2.3601236,-2.1714473,-0.2074852,1.4551392,-0.13407898,-0.5165863,-2.3391724,21.299744,-41.279602,-1.7049947,3.7536821,8.897935,1423619463740529455
1.9604106,-1.8722768,-0.3932333,1.6185608,-0.48228455,-0.47920227,-2.3391724,21.299744,-41.279602,-1.7224553,3.8681102,8.845409,1423619463750447667
1.8724164,-1.6206927,-0.41477776,1.7574158,-0.7525177,-0.45570374,-2.0385742,20.399475,-41.879272,-1.7108403,3.9914296,8.792719,1423619463760640539
2.0265055,-1.5097451,-0.29728603,1.7862549,-0.801651,-0.46958923,-2.0385742,20.399475,-41.879272,-1.6706569,4.1316094,8.735507,1423619463770589269
2.2929416,-1.0961552,-0.21263695,1.685852,-0.64250183,-0.5176544,-2.1591187,19.378662,-42.359924,-1.5712074,4.418883,8.612501,1423619463780812658
2.2929416,-1.0961552,-0.21263695,1.5299072,-0.31672668,-0.6137848,-2.1591187,19.378662,-42.359924,-1.5712074,4.418883,8.612501,1423619463790730871
2.9460163,-0.55537033,-2.281536,1.314148,0.059249878,-0.76438904,-1.979065,18.299866,-42.89856,-1.564575,4.661407,8.484915,1423619463800984777
2.9460163,-0.55537033,-2.281536,1.0385742,0.21412659,-0.9662628,-1.979065,18.299866,-42.89856,-1.564575,4.661407,8.484915,1423619463810872472
2.5883179,-0.62050056,-2.6712637,0.8751526,0.08061218,-1.1510468,-1.9195557,17.279053,-43.258667,-1.6108785,4.7482047,8.42793,1423619463821126378
1.720438,-0.8266525,-1.9069147,0.8772888,-0.2131195,-1.2696075,-1.9195557,17.279053,-43.258667,-1.6718776,4.813645,8.378785,1423619463831044591
1.0830172,-1.2706766,-0.874547,0.9937134,-0.5367584,-1.3262177,-1.6799927,16.259766,-43.73932,-1.7221601,4.8647,8.33902,1423619463841237462
0.45118868,-1.8803282,0.19446182,1.1624756,-0.7578583,-1.3187408,-1.6799927,16.259766,-43.73932,-1.7539605,4.9173756,8.301411,1423619463851186193
0.13448691,-1.9295063,0.58701897,1.2895813,-0.8240814,-1.2888336,-1.8585205,15.238953,-44.158936,-1.7652477,4.978697,8.262377,1423619463861409581
-0.0025501251,-1.8414016,0.66049767,1.3280334,-0.7397003,-1.2653351,-1.8585205,15.238953,-44.158936,-1.7652596,5.0540414,8.216502,1423619463871297277
-0.38299143,-2.1198707,0.46583843,1.2927856,-0.58802795,-1.2236786,-1.739502,14.338684,-44.459534,-1.7670474,5.133069,8.166978,1423619463881520665
-0.652612,-2.4671288,-0.14445019,1.2105408,-0.42781067,-1.1649323,-1.739502,14.338684,-44.459534,-1.779308,5.214958,8.112254,1423619463891469396
-0.8315426,-2.4178958,-0.69714355,1.09198,-0.29963684,-1.0997772,-1.7990112,13.319397,-44.93866,-1.8031638,5.2905583,8.057852,1423619463901692785
-1.0870342,-2.2224422,-1.2417793,0.9862366,-0.28681946,-1.0356903,-1.7990112,13.319397,-44.93866,-1.8380002,5.361174,8.003122,1423619463911610997
-0.89048576,-1.6682725,-0.95787907,0.9403076,-0.41926575,-0.99617004,-2.1591187,12.419128,-45.17975,-1.9058353,5.478232,7.9074116,1423619463921834386
-0.89048576,-1.6682725,-0.95787907,0.9723511,-0.5965729,-0.9705353,-2.1591187,12.419128,-45.17975,-1.9058353,5.478232,7.9074116,1423619463931722081
-0.5116453,-1.4121122,0.07109451,1.0759583,-0.73435974,-0.98869324,-2.4597168,11.579895,-45.41931,-1.9210366,5.5314884,7.8665514,1423619463941975988
-0.75266504,-1.5450873,0.06636715,1.22229,-0.90312195,-1.014328,-2.4597168,11.579895,-45.41931,-1.9252673,5.5914893,7.822978,1423619463951894201
-0.87045884,-1.3452377,-0.20805264,1.3376465,-1.0633392,-1.0453033,-3.0593872,10.438538,-45.41931,-1.9200525,5.6587615,7.775745,1423619463962087072
-1.0428607,-0.9486823,-1.0731754,1.314148,-1.0921783,-1.0955048,-3.0593872,10.438538,-45.41931,-1.9050729,5.738674,7.7206674,1423619463972035802
-1.6015618,-1.0092287,-1.5365248,1.1517944,-0.96507263,-1.1200714,-3.4194946,9.539795,-45.71991,-1.8884568,5.819112,7.664337,1423619463982228673
-2.6533968,-1.9844284,-0.5018587,0.98516846,-0.7386322,-1.0399628,-3.4194946,9.539795,-45.71991,-1.8862345,5.947901,7.565381,1423619463992177404
-2.3962443,-1.4671164,-1.5556378,0.8890381,-0.58695984,-0.8968353,-4.1992188,8.518982,-45.71991,-1.9005148,6.0000267,7.5205126,1423619464002400792
-1.9192233,-0.6917534,-2.1608715,0.8057251,-0.5997772,-0.7633209,-4.1992188,8.518982,-45.71991,-1.9111732,6.048016,7.479258,1423619464012319005
-1.9192233,-0.6917534,-2.1608715,0.74591064,-0.736496,-0.6832123,-4.6188354,7.739258,-45.83893,-1.9111732,6.048016,7.479258,1423619464022511876
-0.991308,0.0023555756,-2.1091857,0.7341614,-0.9063263,-0.6853485,-4.6188354,7.739258,-45.83893,-1.9080459,6.094791,7.441994,1423619464032460607
0.25302792,0.63639927,-0.24346781,0.8270874,-0.98002625,-0.7750702,-5.1589966,6.7199707,-46.139526,-1.8883063,6.1375465,7.411829,1423619464042683996
1.237143,1.0316019,0.93890476,1.0417786,-0.9917755,-0.98976135,-5.1589966,6.7199707,-46.139526,-1.8595574,6.183001,7.3812556,1423619464052602208
1.421954,0.9495158,-0.1974454,1.175293,-1.0879059,-1.2546539,-5.6396484,5.8792114,-46.07849,-1.8384471,6.2365937,7.3413486,1423619464062825597
1.2684383,1.0758619,-2.555438,1.0610046,-1.1829681,-1.5110016,-5.6396484,5.8792114,-46.07849,-1.830117,6.302631,7.2868304,1423619464072774328
0.59610105,1.0472178,-7.706659,0.46820068,-1.2609406,-1.737442,-6.1798096,4.8599243,-46.199036,-1.8358647,6.367865,7.2284355,1423619464082936681
-0.61179674,0.23842335,-5.6168585,-0.19616699,-1.0644073,-1.8068695,-6.1798096,4.8599243,-46.199036,-1.8545967,6.3991904,7.1959176,1423619464092854894
-1.1360903,-0.84679556,3.79389,-0.25598145,-0.68629456,-1.8495941,-6.5994263,4.0786743,-46.018982,-1.9391624,6.313975,7.248708,1423619464103047765
-2.168211,-1.5579062,2.440219,0.07727051,-0.56773376,-1.8325043,-6.5994263,4.0786743,-46.018982,-2.013711,6.265359,7.2705317,1423619464112996496
-3.2873724,-2.1082544,-0.94816685,0.4126587,-0.6681366,-1.7150116,-6.8984985,3.5385132,-45.899963,-2.089379,6.2431006,7.268327,1423619464123189367
