1.4493089,-0.4849286,1.7041626,-0.32540894,-0.02619934,-0.010299683,28.799438,-9.838867,-38.21869,-0.23673192,2.275397,9.536085,1423609070120015538
1.572048,-0.8273549,1.9189816,-0.121398926,0.033615112,-0.04234314,28.919983,-9.899902,-38.21869,-0.23004758,2.232656,9.546346,1423609070130269444
1.6854862,-0.8863671,0.4390421,-0.067993164,0.089157104,-0.05836487,28.919983,-9.899902,-38.21869,-0.22702076,2.2085252,9.55203,1423609070140187657
1.9557172,-0.91134024,-0.9650049,-0.15237427,0.12333679,-0.08506775,28.919983,-9.719849,-38.21869,-0.22938591,2.1979167,9.5544195,1423609070150411045
2.4908578,-1.3381577,-1.4758854,-0.2816162,0.11265564,-0.114974976,28.919983,-9.719849,-38.21869,-0.24377678,2.1623926,9.562166,1423609070160329258
2.9684782,-1.5104549,-1.0072985,-0.400177,0.1169281,-0.14060974,28.979492,-9.658813,-38.038635,-0.2509365,2.125772,9.5701885,1423609070170583164
3.4223616,-1.7191036,-0.45863247,-0.49523926,0.1585846,-0.17478943,28.979492,-9.658813,-38.038635,-0.25925758,2.0793786,9.580154,1423609070180470860
3.4223616,-1.7191036,-0.45863247,-0.52407837,0.19276428,-0.20683289,28.979492,-9.599304,-37.799072,-0.25925758,2.0793786,9.580154,1423609070190694248
3.5348234,-1.8229692,-0.6214237,-0.51660156,0.15003967,-0.19935608,28.979492,-9.599304,-37.799072,-0.27224353,2.0251396,9.591407,1423609070200642979
3.690063,-1.6703856,-1.1704702,-0.52194214,0.015457153,-0.1512909,28.919983,-9.539795,-37.919617,-0.28408128,1.9717091,9.60219,1423609070210835850
3.9222472,-1.5597525,-1.4868307,-0.52835083,-0.19496155,-0.06904602,28.919983,-9.539795,-37.919617,-0.28655326,1.9175241,9.613084,1423609070220784580
4.357919,-1.4835029,-1.3382883,-0.5272827,-0.4363556,0.04096985,28.858948,-9.298706,-38.15918,-0.26984897,1.8642179,9.624045,1423609070230977452
5.333237,-1.1579919,-0.4475212,-0.49310303,-0.63822937,0.12535095,28.858948,-9.298706,-38.15918,-0.22651908,1.809972,9.635511,1423609070240926182
6.3728104,-0.55045474,-0.1116066,-0.45144653,-0.8732147,0.15312195,28.799438,-8.999634,-38.339233,-0.15836874,1.7600576,9.646113,1423609070251149571
7.4758487,0.2596314,0.84762573,-0.3927002,-1.0067291,0.09651184,28.799438,-8.999634,-38.339233,-0.06353119,1.713961,9.6555,1423609070261067784
8.783377,0.74556255,0.7832546,-0.4290161,-1.0270233,-0.03807068,28.919983,-8.758545,-38.459778,0.049483884,1.6749926,9.662418,1423609070271291172
9.527453,1.3397838,1.1110449,-0.5187378,-0.96614075,-0.2217865,28.919983,-8.758545,-38.459778,0.17301893,1.6369687,9.667512,1423609070281209385
9.91664,1.582433,1.2378845,-0.60739136,-0.940506,-0.41938782,28.919983,-8.1588745,-38.63983,0.28990075,1.5948061,9.671761,1423609070291432774
9.841702,1.6968359,1.4043837,-0.64797974,-1.0483856,-0.59669495,28.919983,-8.1588745,-38.63983,0.40211493,1.543303,9.6761,1423609070301350987
9.504802,1.6757771,1.9594402,-0.6116638,-1.2427826,-0.7398224,28.73993,-7.6797485,-39.118958,0.51200837,1.4880474,9.6795635,1423609070311574375
8.906515,1.7528291,2.4311495,-0.55184937,-1.4884491,-0.81565857,28.73993,-7.6797485,-39.118958,0.63584054,1.4321865,9.680648,1423609070321492588
8.206345,1.619582,2.9938488,-0.4482422,-1.7832489,-0.82206726,28.318787,-7.1395874,-39.65912,0.77462405,1.3837206,9.677586,1423609070331715977
7.747772,1.5032179,3.5329113,-0.3083191,-2.1282501,-0.78041077,28.318787,-7.1395874,-39.65912,0.9421535,1.3427839,9.6684885,1423609070341634190
7.817688,1.7318516,4.3661575,-0.1822815,-2.3910065,-0.74516296,27.719116,-6.4193726,-40.559387,1.135865,1.3163106,9.651297,1423609070351857579
8.001307,1.921936,4.7786016,-0.098968506,-2.5843353,-0.74409485,27.719116,-6.4193726,-40.559387,1.3651409,1.3035531,9.623281,1423609070361775791
7.9236627,2.190217,5.362549,-0.03488159,-2.7231903,-0.7622528,27.178955,-5.6991577,-41.279602,1.6085275,1.3031944,9.585651,1423609070371999180
7.634815,2.325794,5.6628504,0.013183594,-2.8556366,-0.78681946,27.178955,-5.6991577,-41.279602,1.8725823,1.3121599,9.536355,1423609070381917393
7.379224,2.4886055,6.1668234,0.06338501,-3.0030365,-0.8092499,26.278687,-4.8599243,-42.17987,2.1387968,1.328804,9.4778805,1423609070392140782
7.0410633,2.367642,7.5618534,0.14242554,-3.1696625,-0.83488464,26.278687,-4.8599243,-42.17987,2.7083817,1.3846358,9.322974,1423609070402058995
7.0410633,2.367642,7.5618534,0.24603271,-3.3309479,-0.8797455,25.318909,-4.258728,-43.618774,2.7083817,1.3846358,9.322974,1423609070412282383
6.860276,2.1609232,8.1960945,0.3571167,-3.4601898,-0.9438324,25.318909,-4.258728,-43.618774,3.0130308,1.4284275,9.222344,1423609070422200596
6.641481,1.9399018,8.651956,0.44470215,-3.5509796,-1.0388947,23.699951,-3.5385132,-45.118713,3.3157985,1.4839842,9.108988,1423609070432423985
6.2099485,1.7862341,9.455961,0.51626587,-3.563797,-1.1563873,23.699951,-3.5385132,-45.118713,3.629386,1.5548459,8.976659,1423609070442342198
6.0609045,1.7024176,10.746726,0.60491943,-3.471939,-1.3208771,21.839905,-2.999878,-46.85974,3.9289143,1.6361803,8.834984,1423609070452565586
5.10512,1.2796228,11.103929,0.6743469,-3.3149261,-1.4618683,21.839905,-2.999878,-46.85974,4.222287,1.7343609,8.679555,1423609070462483799
3.8829432,0.79367995,10.587587,0.71920776,-3.2230682,-1.5494537,19.979858,-2.8198242,-48.599243,4.484485,1.844501,8.523943,1423609070472707188
2.8423886,0.36797166,9.945908,0.7416382,-3.2262726,-1.6039276,19.979858,-2.8198242,-48.599243,4.732967,1.9702522,8.359876,1423609070482625401
2.0226102,0.04816556,9.990081,0.76086426,-3.2326813,-1.6327667,17.819214,-2.519226,-50.45929,4.9597964,2.1000462,8.195158,1423609070492879307
1.8863492,-0.21531653,10.376196,0.7982483,-3.1856842,-1.6872406,17.819214,-2.519226,-50.45929,5.18526,2.2397153,8.01668,1423609070502767002
1.3063326,-0.5346923,10.426829,0.8356323,-3.1045074,-1.7534637,15.359497,-2.3391724,-51.89972,5.3907795,2.380093,7.838689,1423609070513020909
0.45506525,-1.0539515,10.5728855,0.9029236,-3.0286713,-1.7993927,15.359497,-2.3391724,-51.89972,5.5876245,2.533161,7.650616,1423609070522939121
-0.7602291,-1.6094773,10.279369,0.9595337,-2.942154,-1.7887115,12.478638,-2.5787354,-53.819275,5.7605624,2.68911,7.466927,1423609070533162510
-1.5963254,-2.0717573,9.875275,0.9883728,-2.8556366,-1.7353058,12.478638,-2.5787354,-53.819275,5.9231734,2.856781,7.274971,1423609070543080723
-2.2100925,-2.401661,9.138115,1.0065308,-2.8246613,-1.6658783,9.719849,-3.0593872,-55.13916,6.0669475,3.021428,7.08756,1423609070553334629
-2.2100925,-2.401661,9.138115,1.0193481,-2.8460236,-1.5996552,9.719849,-3.0593872,-55.13916,6.0669475,3.021428,7.08756,1423609070563222325
-3.0590458,-2.5898921,7.721094,1.0289612,-2.9165192,-1.5259552,6.8389893,-3.6590576,-56.098938,6.332334,3.3518603,6.696041,1423609070573415196
-3.7594314,-2.7683585,7.0745635,1.0578003,-3.0393524,-1.412735,6.8389893,-3.6590576,-56.098938,6.460716,3.5147932,6.4865837,1423609070583363926
-4.1905847,-2.9020834,6.7863493,1.1047974,-3.1782074,-1.2824249,4.1397095,-4.499817,-56.819153,6.5867567,3.669084,6.270793,1423609070593587315
-4.5342474,-2.9719968,6.1001,1.1496582,-3.2689972,-1.1425018,4.1397095,-4.499817,-56.819153,6.8525434,3.9631712,5.788463,1423609070603475010
-4.5342474,-2.9719968,6.1001,1.1528625,-3.3010406,-1.0186005,1.499939,-5.519104,-57.23877,6.8525434,3.9631712,5.788463,1423609070613698399
-4.1644506,-2.732759,5.410656,1.0994568,-3.286087,-0.9438324,1.499939,-5.519104,-57.23877,6.989585,4.1013193,5.522252,1423609070623647129
-4.0735707,-2.7080789,5.610919,1.0599365,-3.2230682,-0.8946991,-1.4389038,-6.239319,-57.299805,7.1175017,4.2259407,5.258611,1423609070633840000
-4.079257,-2.864881,6.167958,1.0855713,-3.1258698,-0.8466339,-1.4389038,-6.239319,-57.299805,7.2392435,4.3447385,4.988686,1423609070643788731
-4.136509,-2.957141,5.5167785,1.0845032,-3.026535,-0.8177948,-4.3792725,-7.499695,-57.359314,7.3474674,4.455431,4.7259126,1423609070654012120
-3.7523108,-2.7309842,4.1405363,0.98516846,-2.9378815,-0.8391571,-4.3792725,-7.499695,-57.359314,7.4480715,4.566117,4.455019,1423609070663930332
-3.8702345,-2.7921286,2.720314,0.8078613,-2.897293,-0.8797455,-6.8984985,-8.81958,-57.058716,7.5341077,4.669714,4.1953998,1423609070674153721
-4.6509743,-2.8200612,1.9125509,0.6156006,-2.9079742,-0.875473,-6.8984985,-8.81958,-57.058716,7.674664,4.864407,3.688829,1423609070684071934
-4.6509743,-2.8200612,1.9125509,0.45324707,-2.9218597,-0.8583832,-9.239197,-10.079956,-56.27899,7.674664,4.864407,3.688829,1423609070694295323
-4.380411,-3.002594,2.7434385,0.35391235,-2.8812714,-0.86906433,-9.239197,-10.079956,-56.27899,7.7342086,4.9500985,3.4422266,1423609070704183018
-4.4023333,-3.0922813,3.8807583,0.322937,-2.7231903,-0.89790344,-11.698914,-11.338806,-55.67932,7.783532,5.0270834,3.2117674,1423609070714406407
-4.6863613,-3.3805194,4.5847826,0.33148193,-2.4753876,-0.91926575,-11.698914,-11.338806,-55.67932,7.822927,5.1054416,2.9844036,1423609070724355137
-5.183523,-3.8686914,4.0982924,0.31332397,-2.20195,-0.893631,-13.919067,-12.478638,-54.779053,7.8479686,5.1828904,2.778027,1423609070734548008
-5.6872663,-4.229824,2.7379544,0.22039795,-1.9840546,-0.8370209,-13.919067,-12.478638,-54.779053,7.86154,5.262114,2.5839386,1423609070744466221
-5.2963905,-3.3875933,1.599122,0.068725586,-1.8462677,-0.8338165,-15.779114,-13.619995,-53.69873,7.8660946,5.335558,2.413868,1423609070754720127
-4.6572056,-2.6885414,1.5708675,-0.05517578,-1.7277069,-0.91819763,-15.779114,-13.619995,-53.69873,7.864095,5.406291,2.2579668,1423609070764668858
-4.154234,-2.7057333,2.497466,-0.10003662,-1.5653534,-1.0655975,-17.878723,-14.4592285,-52.49939,7.853952,5.4740725,2.1261132,1423609070774892246
-4.9410753,-3.283721,3.9730055,0.023864746,-1.4553375,-1.162796,-17.878723,-14.4592285,-52.49939,7.8306136,5.550698,2.0103805,1423609070784749424
-6.052122,-3.5867028,3.6350105,0.22253418,-1.4895172,-1.1766815,-19.378662,-15.478516,-51.298523,7.795649,5.6355124,1.9076781,1423609070795003330
-6.67801,-3.86829,3.1522617,0.3859558,-1.5354462,-1.1425018,-19.378662,-15.478516,-51.298523,7.7526226,5.7314796,1.793703,1423609070804921543
-7.1038046,-4.121433,2.6196938,0.45965576,-1.4670868,-1.0720062,-20.579529,-16.319275,-50.219727,7.709359,5.826538,1.6696156,1423609070815144932
-7.270585,-4.117202,1.7524049,0.4543152,-1.3474579,-1.0015106,-20.579529,-16.319275,-50.219727,7.664715,5.922091,1.5334169,1423609070825063145
-7.283887,-3.9834795,0.97750795,0.30477905,-1.1007233,-0.9160614,-21.839905,-17.399597,-49.079895,7.621172,6.009544,1.4048154,1423609070835286534
-7.448927,-3.6331706,0.33254516,0.24389648,-1.0110016,-0.89149475,-21.839905,-17.399597,-49.079895,7.5308537,6.16622,1.1976463,1423609070845174229
-7.448927,-3.6331706,0.33254516,0.21398926,-0.950119,-0.86372375,-22.799683,-17.999268,-47.999573,7.5308537,6.16622,1.1976463,1423609070855428135
-7.67459,-3.619214,0.36929202,0.22039795,-0.92448425,-0.80604553,-22.799683,-17.999268,-47.999573,7.4831476,6.240117,1.1107785,1423609070865315830
-8.149261,-3.7953525,0.5188879,0.2663269,-0.95866394,-0.7109833,-23.399353,-18.778992,-46.85974,7.437396,6.308033,1.0316217,1423609070875569737
-8.583534,-3.8303814,0.45227873,0.322937,-1.0462494,-0.64689636,-23.399353,-18.778992,-46.85974,7.3932433,6.372813,0.94741297,1423609070885487950
-8.338997,-3.5386195,0.13654047,0.35391235,-1.0622711,-0.6362152,-23.878479,-19.499207,-45.899963,7.3545628,6.430035,0.857581,1423609070895680821
-7.7324605,-3.154447,0.20270407,0.3079834,-0.88282776,-0.59669495,-23.878479,-19.499207,-45.899963,7.316512,6.485655,0.7584954,1423609070905629551
-8.084963,-3.294341,0.32889926,0.22573853,-0.6414337,-0.5315399,-24.539185,-20.399475,-45.239258,7.2786684,6.5379133,0.6686253,1423609070915822422
-8.338377,-3.3895044,0.34659666,0.18087769,-0.4438324,-0.44502258,-24.539185,-20.399475,-45.239258,7.240806,6.5867553,0.5964696,1423609070925771153
-8.61668,-3.3745255,0.43700945,0.17340088,-0.28147888,-0.37986755,-24.839783,-21.359253,-44.578552,7.2063513,6.628759,0.54630125,1423609070935964024
-8.383511,-3.1855292,0.4258095,0.18087769,-0.13728333,-0.318985,-24.839783,-21.359253,-44.578552,7.174867,6.66572,0.5097544,1423609070945912754
-8.403144,-3.0185003,0.38298064,0.18301392,-0.028335571,-0.25810242,-25.138855,-22.198486,-44.039917,7.146892,6.69755,0.48492074,1423609070956105625
-8.33201,-2.8607578,-0.13980514,0.16378784,0.02293396,-0.22499084,-25.138855,-22.198486,-44.039917,7.1216326,6.72567,0.4670166,1423609070966023838
-8.162493,-2.6567755,-1.2210853,0.12426758,0.06138611,-0.19615173,-25.19989,-23.098755,-43.43872,7.07906,6.7719803,0.4444955,1423609070976247227
-8.148241,-2.5305328,-1.2149559,0.06338501,0.13188171,-0.15342712,-25.19989,-23.098755,-43.43872,7.0606155,6.7913136,0.44289228,1423609070986195957
-8.148241,-2.5305328,-1.2149559,-0.008178711,0.21839905,-0.092544556,-25.138855,-23.458862,-42.959595,7.0606155,6.7913136,0.44289228,1423609070996419346
-8.145369,-2.480225,-1.2374029,-0.06585693,0.29743958,-0.027389526,-25.138855,-23.458862,-42.959595,7.044928,6.8070216,0.451489,1423609071006337559
-7.866731,-2.7140179,-0.97524637,-0.13742065,0.39250183,0.037765503,-25.138855,-24.179077,-42.599487,7.0265775,6.822533,0.50063527,1423609071016560948
-7.752149,-2.615829,-1.0435181,-0.21432495,0.49183655,0.09971619,-25.138855,-24.179077,-42.599487,7.0230904,6.822975,0.54184157,1423609071026479161
-7.752149,-2.615829,-1.0435181,-0.28588867,0.5601959,0.15953064,-25.2594,-24.35913,-42.419434,7.0230904,6.822975,0.54184157,1423609071036672032
-7.65582,-2.7536774,-1.0590994,-0.36813354,0.59651184,0.2268219,-25.2594,-24.35913,-42.419434,7.023455,6.81813,0.5954512,1423609071046620762
-7.5503135,-2.7888646,-0.8544423,-0.45144653,0.6221466,0.3101349,-25.2594,-24.839783,-42.29889,7.0274825,6.8083014,0.6572018,1423609071056813633
-7.141351,-2.6616406,-0.5056909,-0.52301025,0.63282776,0.3881073,-25.2594,-24.839783,-42.29889,7.0366015,6.791516,0.7293389,1423609071066731846
-6.6999383,-2.5642262,0.09288716,-0.5700073,0.6360321,0.45326233,-25.079346,-24.719238,-42.419434,7.050446,6.768276,0.8074867,1423609071076985752
-5.794745,-2.553248,1.4404128,-0.5881653,0.66593933,0.5066681,-25.079346,-24.719238,-42.419434,7.091476,6.701805,0.9834463,1423609071086873448
-5.794745,-2.553248,1.4404128,-0.5956421,0.7599335,0.53977966,-24.899292,-24.539185,-42.23938,7.091476,6.701805,0.9834463,1423609071097127354
-5.017456,-2.3029718,1.9338114,-0.60098267,0.9105377,0.52482605,-24.899292,-24.539185,-42.23938,7.1162744,6.6602073,1.0819693,1423609071107045567
-4.538522,-2.1388912,1.9521708,-0.6330261,1.0857086,0.4660797,-24.539185,-24.119568,-42.658997,7.138762,6.6182065,1.1865143,1423609071117238438
-4.5518007,-2.1170359,1.8961743,-0.69070435,1.2704926,0.4084015,-24.539185,-24.119568,-42.658997,7.1561313,6.57665,1.3068475,1423609071127187168
-4.80349,-2.3663034,1.8556684,-0.7633362,1.441391,0.37742615,-24.41864,-23.339844,-43.258667,7.1652327,6.5387664,1.440266,1423609071137410557
-5.1680903,-2.6757689,1.6315148,-0.8423767,1.5588837,0.3816986,-24.41864,-23.339844,-43.258667,7.166938,6.5010653,1.5942205,1423609071147328770
-5.1471667,-2.8442116,1.5707653,-0.9043274,1.6101532,0.40412903,-24.179077,-22.799683,-44.158936,7.163064,6.4628057,1.7587038,1423609071157552159
-4.9848943,-2.8909664,1.5885316,-0.95773315,1.6325836,0.42015076,-24.179077,-22.799683,-44.158936,7.1557293,6.4193,1.9386873,1423609071167470371
-4.9606566,-3.1046796,1.8789651,-1.0004578,1.6379242,0.43937683,-23.999023,-22.019958,-45.118713,7.1460443,6.372536,2.1201956,1423609071177693760
-5.1664195,-3.4654346,2.206182,-1.039978,1.6603546,0.47676086,-23.999023,-22.019958,-45.118713,7.1335673,6.3196883,2.3117409,1423609071187581455
-5.1516514,-3.6489534,2.816298,-1.0688171,1.7212372,0.5194855,-23.579407,-21.1792,-46.199036,7.1193395,6.263112,2.5017629,1423609071197804844
-5.273253,-3.8622856,3.159264,-1.1019287,1.8344574,0.57502747,-23.579407,-21.1792,-46.199036,7.1023164,6.1983323,2.7033625,1423609071207753575
-5.2433243,-3.7083483,3.417752,-1.1425171,1.9775848,0.626297,-23.15979,-19.918823,-47.399902,7.08201,6.128733,2.907603,1423609071217976963
-5.2922983,-3.843677,3.1589422,-1.1852417,2.0544891,0.6775665,-23.15979,-19.918823,-47.399902,7.056289,6.049768,3.1272159,1423609071227864659
-5.517166,-4.129594,2.7566607,-1.2375793,2.0416718,0.7683563,-22.499084,-18.899536,-48.41919,7.026187,5.9658813,3.3483357,1423609071238088047
-5.2790046,-4.3231907,2.7011247,-1.2835083,1.9765167,0.86021423,-22.499084,-18.899536,-48.41919,6.993329,5.8691278,3.5800939,1423609071248036778
-4.7183933,-4.7800226,3.0408106,-1.3102112,1.9028168,0.9339142,-21.598816,-17.819214,-50.099182,6.9633183,5.7623534,3.8049803,1423609071258260166
-5.1518817,-5.010345,3.5012212,-1.3187561,1.8013458,1.0684967,-21.598816,-17.819214,-50.099182,6.9337115,5.6421537,4.032385,1423609071268147862
-5.611871,-5.0624747,3.9406338,-1.3155518,1.6678314,1.2725067,-20.759583,-16.619873,-51.179504,6.9078903,5.514922,4.2470074,1423609071278371250
-4.14491,-4.663247,5.9456725,-1.2909851,1.5460663,1.4733124,-20.759583,-16.619873,-51.179504,6.883715,5.2065043,4.655874,1423609071288319981
-4.14491,-4.663247,5.9456725,-1.243988,1.5268402,1.59935,-19.73877,-15.359497,-52.19879,6.883715,5.2065043,4.655874,1423609071298512852
-2.0184236,-3.8192616,7.75892,-1.16922,1.6240387,1.636734,-19.73877,-15.359497,-52.19879,6.8794856,4.8477693,5.034103,1423609071308461582
-2.0184236,-3.8192616,7.75892,-1.0912476,1.8056183,1.59935,-18.539429,-13.859558,-53.39966,6.8794856,4.8477693,5.034103,1423609071318654454
-1.5262542,-4.368729,7.0600147,-1.0837708,1.9754486,1.5608978,-18.539429,-13.859558,-53.39966,6.863653,4.6637764,5.225882,1423609071328603184
-2.0558424,-4.639056,5.979448,-1.1499939,2.0512848,1.5982819,-17.219543,-12.239075,-54.53949,6.831024,4.4872694,5.419585,1423609071338826573
-2.0558424,-4.639056,5.979448,-1.2301025,1.9871979,1.7061615,-17.219543,-12.239075,-54.53949,6.831024,4.4872694,5.419585,1423609071348744786
-2.441307,-4.4236274,5.4035482,-1.3283691,1.8846588,1.7980194,-17.219543,-12.239075,-54.53949,6.7834244,4.303807,5.624303,1423609071358968174
-1.0373158,-4.031234,6.701968,-1.4212952,1.8761139,1.8172455,-15.779114,-10.499573,-55.43976,6.732794,4.1137466,5.823827,1423609071368886387
-0.98941755,-3.8220992,6.4987497,-1.4885864,1.9636993,1.7563629,-15.779114,-10.499573,-55.43976,6.6823006,3.9047282,6.0224867,1423609071379109776
0.54527426,-3.8907785,8.68811,-1.539856,2.1110992,1.6719818,-14.399719,-8.518982,-56.219482,6.6307564,3.6880648,6.2130218,1423609071389058506
0.6023812,-3.664764,8.482309,-1.5558777,2.2467499,1.5929413,-12.89978,-6.478882,-57.17926,6.5665374,3.4603717,6.409118,1423609071399251377
0.79806423,-3.7077994,9.177845,-1.5227661,2.340744,1.5395355,-12.89978,-6.478882,-57.17926,6.4853287,3.2373006,6.6053605,1423609071409169590
0.79616594,-3.6494997,9.676626,-1.4811096,2.4251251,1.5139008,-11.51886,-4.4387817,-57.659912,6.381052,3.0106795,6.810901,1423609071419423496
0.83115816,-3.8436556,9.805149,-1.4800415,2.5063019,1.4658356,-11.51886,-4.4387817,-57.659912,6.26136,2.7928553,7.011827,1423609071429311192
1.2904377,-3.706502,9.021433,-1.5184937,2.5468903,1.4028168,-9.779358,-2.3391724,-58.259583,5.9744015,2.3630931,7.408961,1423609071439565098
1.1645985,-3.5496156,9.458975,-1.5516052,2.5938873,1.3665009,-9.779358,-2.3391724,-58.259583,5.8060093,2.1481867,7.6056514,1423609071449452793
0.9793644,-3.7452817,10.334787,-1.5505371,2.6515656,1.377182,-7.739258,-0.17852783,-58.61969,5.6300373,1.9397433,7.791692,1423609071459706700
0.95276356,-3.706139,10.661533,-1.5665588,2.7188568,1.4295197,-7.739258,-0.17852783,-58.61969,5.4351726,1.7234559,7.978658,1423609071469594395
1.3761673,-3.4092023,11.323984,-1.5740356,2.7786713,1.4861298,-5.6396484,1.739502,-58.61969,5.2349977,1.5127769,8.153324,1423609071479848301
2.0148354,-3.0927649,12.182218,-1.5516052,2.8427582,1.5235138,-5.6396484,1.739502,-58.61969,5.0157876,1.2918373,8.32727,1423609071489735996
2.9066582,-2.87917,13.121884,-1.4864502,2.9399567,1.5139008,-3.4194946,3.6590576,-58.3786,4.7928843,1.0779222,8.487446,1423609071499989903
3.6114774,-2.5526357,14.075249,-1.345459,3.0318146,1.4540863,-3.4194946,3.6590576,-58.3786,4.5481267,0.8617053,8.645369,1423609071509877598
2.9565625,-2.0999787,13.561526,-1.2023315,3.0339508,1.4359283,-1.0192871,5.279541,-58.07953,4.29585,0.6665111,8.79044,1423609071520162022
1.6202545,-2.0689328,11.803818,-1.1841736,2.91539,1.5406036,-1.0192871,5.279541,-58.07953,4.0215573,0.48106977,8.931184,1423609071530049717
1.1095724,-2.3956509,11.076978,-1.2418518,2.7220612,1.7253876,1.6189575,6.7199707,-57.299805,3.7566211,0.3098873,9.053295,1423609071540273106
1.8224535,-2.0750773,12.260112,-1.224762,2.5404816,1.8759918,1.6189575,6.7199707,-57.299805,3.492856,0.12949507,9.162619,1423609071550160801
2.757922,-1.960119,14.036879,-1.0923157,2.4219208,1.9828033,4.1397095,7.978821,-55.97992,3.2504382,-0.048957333,9.25217,1423609071560414707
2.966715,-2.3811753,16.160435,-0.8284912,2.3717194,2.109909,4.1397095,7.978821,-55.97992,3.0076003,-0.22791137,9.33128,1423609071570332920
2.8340337,-2.636174,16.886658,-0.57962036,2.4667816,2.2872162,6.8389893,8.999634,-54.719543,2.7750378,-0.3824406,9.398047,1423609071580556309
3.0446842,-2.282993,16.851082,-0.39590454,2.665451,2.4837494,6.8389893,8.999634,-54.719543,2.5293036,-0.51560384,9.460823,1423609071590474522
3.9737716,-1.9549536,15.894742,-0.23782349,2.7786713,2.6439667,9.239197,9.599304,-53.279114,2.2752483,-0.6231923,9.51868,1423609071600667393
5.3370295,-1.6426339,15.35158,-0.05731201,2.7711945,2.6973724,9.239197,9.599304,-53.279114,1.9980817,-0.7142554,9.574335,1423609071610616123
5.947118,-1.2058971,14.439412,0.1328125,2.6611786,2.6813507,11.579895,9.658813,-51.719666,1.7209957,-0.78110987,9.6228075,1423609071620839512
6.1445723,-0.9117167,12.906617,0.20223999,2.5372772,2.6493073,11.579895,9.658813,-51.719666,1.44063,-0.82385725,9.665207,1423609071630757725
5.8897376,-1.0403132,12.649235,0.1328125,2.5746613,2.702713,14.099121,9.4192505,-49.978638,1.178639,-0.845341,9.698793,1423609071640981114
6.6538997,-0.8798504,13.390642,0.052703857,2.7444916,2.7828217,14.099121,9.4192505,-49.978638,0.91358805,-0.8598562,9.726068,1423609071650899327
8.715839,-0.14720482,14.514546,0.08047485,2.9581146,2.7048492,16.259766,8.578491,-48.239136,0.6507656,-0.8727049,9.746039,1423609071661122715
10.274081,0.4673723,15.054638,0.22787476,3.1194,2.4944305,16.259766,8.578491,-48.239136,0.3639445,-0.8797583,9.760325,1423609071671010411
10.189523,0.13454294,14.994888,0.4756775,3.1621246,2.2936249,18.23883,7.6797485,-46.4386,0.0708318,-0.87059516,9.7676735,1423609071681233799
9.171419,-0.59490144,14.1849375,0.7298889,3.1450348,2.1761322,18.23883,7.6797485,-46.4386,-0.24253371,-0.8355842,9.767976,1423609071691152012
8.479644,-1.0390747,12.628146,0.87194824,3.1450348,2.1077728,20.27893,6.1187744,-44.639587,-0.54570925,-0.77177536,9.760991,1423609071701375401
7.2634053,-2.005237,10.14683,0.8965149,3.1204681,2.0693207,20.27893,6.1187744,-44.639587,-1.1531407,-0.58134323,9.72125,1423609071711293614
7.2634053,-2.005237,10.14683,0.9114685,3.0296783,2.1334076,22.138977,4.4387817,-42.89856,-1.1531407,-0.58134323,9.72125,1423609071721547520
7.2470818,-2.6242294,10.218142,1.0043945,2.8844147,2.2455597,22.138977,4.4387817,-42.89856,-1.4520704,-0.47115272,9.687099,1423609071731465733
8.2795,-2.921444,10.970886,1.1678162,2.8374176,2.2776031,24.058533,2.4597168,-41.218567,-1.7231708,-0.3532596,9.647605,1423609071741689121
9.56649,-2.4975111,10.599982,1.3248291,2.8886871,2.2092438,24.058533,2.4597168,-41.218567,-1.9870452,-0.21137857,9.6009035,1423609071751576817
9.950793,-2.8863704,9.722704,1.4882507,2.8822784,2.128067,25.619507,0.4196167,-39.05945,-2.2362888,-0.05529992,9.548107,1423609071761800205
9.635077,-3.4977756,8.210738,1.6399231,2.765854,2.100296,25.619507,0.4196167,-39.05945,-2.492967,0.12361338,9.483682,1423609071771718418
9.574848,-3.470078,7.6262083,1.7819824,2.6697235,2.0800018,27.2995,-1.7990112,-37.01935,-2.7301543,0.31487903,9.413687,1423609071781941807
9.574848,-3.470078,7.6262083,1.9389954,2.6953583,2.043686,27.2995,-1.7990112,-37.01935,-2.7301543,0.31487903,9.413687,1423609071791890538
10.834262,-4.089651,6.879327,2.020172,2.804306,1.961441,28.49884,-4.1397095,-34.91974,-3.1679783,0.7527184,9.250281,1423609071802083409
11.215586,-3.633469,4.468137,2.065033,2.9292755,1.8556976,28.49884,-4.1397095,-34.91974,-3.5979106,1.2353375,9.038771,1423609071812001621
11.215586,-3.633469,4.468137,2.05542,2.9752045,1.7253876,29.519653,-6.3598633,-32.87964,-3.5979106,1.2353375,9.038771,1423609071822225010
11.276222,-3.6705856,3.4914646,2.0522156,2.9356842,1.563034,29.519653,-6.3598633,-32.87964,-3.8214018,1.483498,8.908789,1423609071832143223
10.781551,-4.0021696,3.0391293,2.0906677,2.869461,1.432724,30.53894,-8.81958,-30.659485,-4.0334163,1.7187935,8.771983,1423609071842366612
9.718008,-4.7808914,2.5073414,2.1408691,2.766922,1.3910675,30.53894,-8.81958,-30.659485,-4.245157,1.9563748,8.620999,1423609071852284825
9.718008,-4.7808914,2.5073414,2.1900024,2.6953583,1.4455414,31.13861,-10.85968,-28.49884,-4.245157,1.9563748,8.620999,1423609071862508213
8.746988,-5.670492,1.8091888,2.186798,2.6985626,1.5192413,31.13861,-10.85968,-28.49884,-4.439605,2.185261,8.466695,1423609071872456944
8.819355,-5.893879,0.75786686,2.1622314,2.7530365,1.5598297,31.739807,-13.079834,-26.339722,-4.7954664,2.6634538,8.128955,1423609071882649815
8.819355,-5.893879,0.75786686,2.1419373,2.7274017,1.543808,31.739807,-13.079834,-26.339722,-4.7954664,2.6634538,8.128955,1423609071892568028
9.80494,-5.2381153,-1.2972422,2.1750488,2.5201874,1.4679718,32.099915,-15.179443,-23.939514,-5.1159887,3.1484807,7.7513943,1423609071902791416
9.80494,-5.2381153,-1.2972422,2.2583618,2.1976166,1.3483429,32.099915,-15.179443,-23.939514,-5.1159887,3.1484807,7.7513943,1423609071912709629
9.995913,-5.079404,-1.8404398,2.2946777,1.9038849,1.2148285,32.458496,-17.338562,-21.71936,-5.258877,3.3923502,7.550269,1423609071922933018
9.897959,-5.003987,-2.7889671,2.194275,1.7714386,1.0823822,32.458496,-17.338562,-21.71936,-5.3736596,3.627155,7.3578477,1423609071932851231
9.465412,-4.968465,-3.5808372,1.8311157,1.7607574,1.0855865,32.458496,-17.338562,-21.71936,-5.4679656,3.8650331,7.1647234,1423609071952992832
7.7396197,-4.8897653,-4.0929165,1.7713013,1.7425995,1.0578156,32.458496,-17.338562,-21.71936,-5.6209197,4.2909365,6.794374,1423609071963216221
7.7396197,-4.8897653,-4.0929165,1.6901245,1.7297821,0.98625183,32.398987,-20.878601,-17.158508,-5.6209197,4.2909365,6.794374,1423609071973134434
5.6641545,-4.34608,-5.871959,1.2383118,1.2950592,0.93177795,32.159424,-23.81897,-12.95929,-5.911502,5.1286125,5.909473,1423609072013417637
5.548916,-3.1719637,-4.757832,1.1870422,0.8197479,0.95954895,32.159424,-23.81897,-12.95929,-5.9953113,5.6489625,5.3212643,1423609072053670323
5.5196385,-3.3067508,-4.608353,1.0513916,0.8795624,0.8644867,32.159424,-23.81897,-12.95929,-5.9792423,5.783832,5.1929116,1423609072063893711
5.57498,-2.101183,-4.670866,0.925354,0.86994934,0.7811737,31.259155,-27.178955,-7.739258,-5.960051,5.910336,5.0711045,1423609072073842442
5.5479617,-2.2176752,-4.529766,0.7982483,0.8592682,0.70106506,31.259155,-27.178955,-7.739258,-5.9449086,6.0281367,4.948738,1423609072084065830
5.314994,-1.4437313,-3.7989345,0.68182373,0.8966522,0.60173035,30.778503,-28.019714,-6.3598633,-5.933761,6.130316,4.835297,1423609072093953526
5.296774,-1.5337658,-3.674653,0.59103394,0.9286957,0.50239563,30.299377,-28.73993,-4.798889,-5.925205,6.222668,4.7265983,1423609072104207432
5.1555376,-1.366674,-3.347465,0.5333557,0.9447174,0.43830872,30.299377,-28.73993,-4.798889,-5.921241,6.3002753,4.6277237,1423609072114095127
4.2703238,-1.2092805,-2.781942,0.49383545,0.9703522,0.39772034,30.299377,-28.73993,-4.798889,-5.9247365,6.367982,4.529535,1423609072124318516
4.27216,-1.262526,-2.678203,0.47781372,0.9842377,0.33363342,29.93927,-29.638672,-3.6590576,-5.9329824,6.424674,4.437755,1423609072134236729
4.27216,-1.262526,-2.678203,0.48208618,0.9180145,0.28556824,29.93927,-29.638672,-3.6590576,-5.9329824,6.424674,4.437755,1423609072144460118
4.3455276,-0.90283823,-2.4556541,0.45217896,0.783432,0.21507263,29.458618,-29.93927,-2.4597168,-5.9442596,6.4777417,4.344539,1423609072154408848
3.6834664,-0.11059618,-3.5290542,0.40304565,0.6338959,0.1424408,29.458618,-29.93927,-2.4597168,-5.976018,6.5712976,4.156399,1423609072164632237
3.3625607,-0.19061232,-3.104753,0.3282776,0.5591278,0.070877075,28.979492,-30.479431,-1.4389038,-5.9914303,6.6104465,4.071259,1423609072174580967
3.3723063,-0.2206831,-3.0198488,0.25350952,0.5324249,-0.0038909912,28.439331,-30.839539,-0.29907227,-6.0055065,6.64408,3.995056,1423609072184773838
3.2364993,-0.109366894,-2.4938493,0.24816895,0.47688293,-0.03593445,28.439331,-30.839539,-0.29907227,-6.0187244,6.6695724,3.9321947,1423609072194692051
2.4429212,-0.18300915,-1.5582895,0.2588501,0.44483948,-0.0060272217,28.259277,-31.019592,0.53863525,-6.0356236,6.6864233,3.8772893,1423609072204915440
1.6157608,-0.5666752,-0.96790504,0.25778198,0.4811554,0.052719116,28.259277,-31.019592,0.53863525,-6.054952,6.696355,3.8297231,1423609072214833653
1.3439407,-1.213099,-0.22447705,0.24816895,0.5228119,0.11680603,28.019714,-31.3797,1.4389038,-6.0884633,6.7164207,3.7404134,1423609072225057041
1.322546,-1.3351364,0.1910398,0.2652588,0.57728577,0.17234802,28.019714,-31.3797,1.4389038,-6.1009955,6.7308965,3.6936805,1423609072234975254
1.592555,-0.8393488,0.3485918,0.3432312,0.5505829,0.18196106,27.778625,-31.619263,2.0996094,-6.109667,6.7493787,3.6453047,1423609072245198643
1.616651,-0.3991499,-0.2752335,0.4692688,0.3625946,0.15953064,27.778625,-31.619263,2.0996094,-6.116452,6.7730517,3.5895915,1423609072255116856
1.4809489,-0.0077004433,-0.6150644,0.56967163,0.13935852,0.1146698,27.598572,-31.739807,2.519226,-6.119245,6.7996716,3.5340753,1423609072265340245
1.3424749,-0.17547226,-0.6736586,0.5953064,0.024002075,0.09223938,27.598572,-31.739807,2.519226,-6.1172614,6.828469,3.481596,1423609072275258457
1.4403028,-0.34297514,-0.8456273,0.5408325,-0.004837036,0.07621765,27.23999,-31.678772,2.9388428,-6.1117487,6.8562975,3.4362915,1423609072285481846
2.068328,-0.18113852,-1.0724614,0.44683838,-0.014450073,0.0025177002,27.23999,-31.678772,2.9388428,-6.103918,6.883929,3.394715,1423609072295400059
2.4885511,0.17086315,-0.6321635,0.3635254,0.034683228,-0.117111206,27.119446,-31.91986,3.479004,-6.097448,6.905992,3.3613672,1423609072305623448
1.9824123,0.12036133,-0.68627644,0.25457764,0.14149475,-0.207901,27.119446,-31.91986,3.479004,-6.099185,6.9188695,3.331603,1423609072315541661
-0.18265867,-0.44778585,-2.0490732,0.06765747,0.08061218,-0.12672424,27.059937,-31.91986,4.019165,-6.114964,6.919639,3.3009396,1423609072325765049
-0.5153823,-0.8704939,-0.021945953,-0.027404785,0.016525269,0.04096985,27.059937,-31.91986,4.019165,-6.13903,6.9098744,3.2766345,1423609072335652745
0.31291533,-0.7985511,1.247462,-0.07119751,-0.0059051514,0.1990509,26.818848,-31.97937,4.1992188,-6.1304903,6.9144306,3.2830055,1423609072345876133
1.1529579,-0.42132282,1.3139555,-0.029541016,0.032546997,0.2962494,26.818848,-31.97937,4.1992188,-6.1120462,6.9277925,3.2892206,1423609072355794346
1.5514178,-0.18868208,1.2470636,0.032409668,0.05177307,0.31333923,26.638794,-32.03888,4.4387817,-6.0892367,6.9474864,3.2899868,1423609072365987217
1.8640246,0.07385492,0.9156003,0.111450195,0.02293396,0.28877258,26.638794,-32.03888,4.4387817,-6.0664372,6.9694915,3.2855616,1423609072375905430
1.8624687,0.08728838,0.90163994,0.15737915,-5.645752E-4,0.23750305,26.638794,-31.91986,4.6188354,-6.044781,6.9918237,3.2780187,1423609072386128819
1.7975898,0.041776657,0.26313043,0.16912842,0.035751343,0.18943787,26.638794,-31.91986,4.6188354,-6.027675,7.011729,3.2669826,1423609072396077549
1.7975898,0.041776657,0.26313043,0.1402893,0.056045532,0.14457703,26.69983,-31.97937,4.9194336,-6.027675,7.011729,3.2669826,1423609072406270420
1.961348,0.15955639,0.014783144,0.09863281,0.052841187,0.10292053,26.69983,-31.97937,4.9194336,-6.0141864,7.029338,3.253976,1423609072416188633
1.608048,0.37611914,-0.92516613,0.0121154785,0.02079773,0.07728577,26.579285,-32.03888,5.039978,-5.997121,7.0531163,3.2339575,1423609072426412022
