-1.5013592,-1.0684469,-0.36261272,0.34458923,0.45870972,-0.008529663,-38.63983,3.718567,-15.59906,3.3819685,2.9089015,8.733325,1423808718459990613
-1.485029,-0.9525144,-2.2451572,0.35740662,0.31344604,0.12712097,-38.63983,3.718567,-15.59906,3.3491116,2.9369397,8.736603,1423808718469878308
-1.485029,-0.9525144,-2.2451572,0.24098206,0.048553467,0.2702484,-38.578796,3.779602,-15.779114,3.3491116,2.9369397,8.736603,1423808718480101697
-0.6203346,-0.0027208328,-2.55589,0.08824158,-0.18643188,0.32365417,-38.578796,3.779602,-15.779114,3.3394434,2.9585834,8.733,1423808718490050428
0.43511868,0.80103755,-1.7345428,-0.07624817,-0.24624634,0.275589,-38.63983,3.718567,-16.079712,3.3560886,2.9656827,8.724207,1423808718500273816
1.1836329,0.966208,-0.4469471,-0.18092346,-0.16506958,0.16557312,-38.63983,3.718567,-16.079712,3.3869607,2.957964,8.714891,1423808718510161512
1.4349496,1.0678916,0.905056,-0.13713074,-0.06359863,0.016036987,-38.75885,3.718567,-15.899658,3.4131548,2.9408424,8.710465,1423808718520384900
1.0340445,0.94609594,1.9443417,0.061538696,0.004760742,-0.11427307,-38.75885,3.718567,-15.899658,3.426548,2.924065,8.7108555,1423808718530333631
0.15884495,0.18919659,1.6045837,0.29118347,0.033599854,-0.16127014,-38.75885,3.6590576,-15.9591675,3.426787,2.9218369,8.711509,1423808718540526502
-0.64261985,-0.56100345,-0.36287785,0.39585876,4.8828125E-4,-0.13883972,-38.75885,3.6590576,-15.9591675,3.420062,2.9414945,8.707536,1423808718550475232
-1.0870407,-0.99352527,-2.0601254,0.2228241,-0.114868164,-0.039505005,-38.63983,3.479004,-16.018677,3.413693,2.9757962,8.698375,1423808718560698621
-1.0904222,-1.0737312,-3.4459658,0.2228241,-0.114868164,-0.039505005,-38.63983,3.479004,-16.018677,3.4165714,3.0065863,8.686648,1423808718570616834
-0.7206831,-0.9861977,-4.018447,-0.12110901,-0.23770142,-0.15272522,-38.459778,3.6590576,-16.079712,3.42695,3.0277755,8.675193,1423808718580840223
-0.44868088,-0.9066856,-4.0392694,-0.2888031,-0.2654724,-0.29585266,-38.459778,3.6590576,-16.079712,3.4418364,3.0364325,8.666269,1423808718590758435
-0.26044703,-0.9863534,-4.1749754,-0.491745,-0.2291565,-0.44752502,-38.519287,3.718567,-16.319275,3.4594622,3.0270998,8.662516,1423808718600951307
-0.5902281,-1.2412033,-4.4114475,-0.70002747,-0.17788696,-0.54045105,-38.519287,3.718567,-16.319275,3.4721613,3.006015,8.664777,1423808718610900037
-1.6732447,-1.6489682,-4.668331,-0.88908386,-0.22167969,-0.5351105,-38.519287,3.6590576,-16.378784,3.4753351,2.9714668,8.675414,1423808718621092908
-3.007318,-2.3036146,-5.202956,-1.0300751,-0.32315063,-0.43363953,-38.519287,3.6590576,-16.378784,3.4749384,2.9191546,8.6933155,1423808718631041639
-4.2612476,-3.070083,-5.1096163,-1.094162,-0.4256897,-0.25526428,-38.279724,3.6590576,-16.079712,3.4802346,2.8502727,8.714029,1423808718641234510
-5.291626,-3.746634,-4.2413015,-1.103775,-0.5325012,-0.017074585,-38.279724,3.6590576,-16.079712,3.4967434,2.7636123,8.735309,1423808718651183240
-5.9253674,-4.302066,-3.7553558,-1.1571808,-0.6499939,0.23072815,-38.15918,3.718567,-15.838623,3.5264113,2.6668048,8.753454,1423808718661406629
-6.3865185,-4.336595,-3.9973726,-1.2714691,-0.73117065,0.44969177,-38.15918,3.718567,-15.838623,3.5733263,2.5557015,8.767561,1423808718671294324
-6.435933,-4.202704,-3.947813,-1.4081879,-0.8240967,0.6537018,-38.15918,3.6590576,-15.539551,3.6327736,2.4323623,8.778209,1423808718681548230
-6.2198577,-4.433502,-3.663248,-1.548111,-0.9597473,0.8363495,-38.15918,3.6590576,-15.539551,3.7078545,2.2841296,8.786635,1423808718691466443
-5.4421463,-4.763205,-2.3766222,-1.6698761,-1.1135559,0.9858856,-38.21869,4.019165,-15.238953,3.7944252,2.1190164,8.791046,1423808718701689832
-5.2066298,-4.490255,-0.40591335,-1.7425079,-1.179779,1.1482391,-38.21869,4.019165,-15.238953,3.898071,1.9295863,8.789319,1423808718711608045
-4.8072233,-4.2906804,1.661787,-1.7531891,-1.1744385,1.3223419,-38.459778,4.499817,-14.518738,4.008105,1.7295458,8.7814665,1423808718721800916
-4.166416,-4.1688232,3.960969,-1.6698761,-1.114624,1.462265,-38.459778,4.499817,-14.518738,4.1239276,1.511908,8.767995,1423808718731749646
-3.396954,-3.8305187,5.988908,-1.5331573,-0.97683716,1.5348969,-38.69934,4.9194336,-13.919067,4.232781,1.2949789,8.750828,1423808718741973035
-2.7640615,-3.633595,7.0838995,-1.4071198,-0.7760315,1.5530548,-38.69934,4.9194336,-13.919067,4.334158,1.0766953,8.730762,1423808718751891248
-2.5713649,-3.1732335,8.746813,-1.2458344,-0.5175476,1.5381012,-38.75885,5.6396484,-12.779236,4.4131317,0.87392795,8.713834,1423808718762114637
-2.7809877,-3.0914543,9.3924055,-1.0727997,-0.31246948,1.5370331,-38.75885,5.6396484,-12.779236,4.4699984,0.6774073,8.702334,1423808718772002332
-3.1925254,-3.5557084,8.850972,-0.9681244,-0.21633911,1.5786896,-38.938904,6.539917,-11.878967,4.5012035,0.50042564,8.698226,1423808718782256238
-3.6768117,-3.7648323,8.697487,-0.90937805,-0.19924927,1.6620026,-38.938904,6.539917,-11.878967,4.517115,0.3280695,8.698186,1423808718792174451
-4.381361,-3.9570065,9.096671,-0.78227234,-0.28897095,1.7912445,-39.179993,7.798767,-10.798645,4.522898,0.16487251,8.699804,1423808718802397840
-5.256516,-4.027007,9.802588,-0.529129,-0.45239258,2.0337067,-39.179993,7.798767,-10.798645,4.527625,2.9965446E-4,8.698908,1423808718812316053
-5.0699124,-3.8251004,11.015895,-0.17344666,-0.54211426,2.2985992,-39.35852,9.1796875,-9.779358,4.538724,-0.15086977,8.6918125,1423808718822539441
-4.1283574,-3.571974,12.1977005,0.19078064,-0.40219116,2.4951324,-39.35852,9.1796875,-9.779358,4.55892,-0.2903099,8.677693,1423808718832457654
-3.0817604,-3.5788321,13.1682825,0.4823761,-0.0262146,2.62117,-39.35852,10.739136,-8.758545,4.5728145,-0.4052298,8.665769,1423808718842711560
-2.319171,-3.6529582,12.395092,0.61802673,0.46725464,2.7205048,-39.35852,10.739136,-8.758545,4.5632944,-0.5024458,8.665695,1423808718852629773
-2.3150177,-3.4760518,10.2367115,0.61909485,0.81118774,2.8561554,-39.419556,12.539673,-7.8598022,4.5152197,-0.5828038,8.6858225,1423808718862853162
-0.42906523,-2.635009,8.814979,0.62657166,0.8870239,2.9939423,-39.419556,12.539673,-7.8598022,4.324322,-0.7409815,8.770494,1423808718872771375
0.6099181,-2.5418663,9.436615,0.6938629,0.8069153,3.0729828,-39.35852,14.219666,-7.319641,4.2152967,-0.81987,8.816432,1423808718883025281
1.3908625,-2.390654,10.045036,0.81562805,0.71292114,3.1092987,-39.35852,14.219666,-7.319641,4.115496,-0.8859506,8.857098,1423808718892912976
1.3908625,-2.390654,10.045036,0.98332214,0.63494873,3.129593,-39.118958,16.319275,-7.319641,4.115496,-0.8859506,8.857098,1423808718903136365
2.1502085,-2.293281,10.361023,1.1819916,0.57299805,3.1562958,-39.118958,16.319275,-7.319641,4.0190053,-0.9382112,8.89594,1423808718913054578
2.90515,-2.158455,11.47403,1.4159088,0.6050415,3.2161102,-38.75885,18.23883,-7.6187134,3.9301615,-0.9697088,8.932182,1423808718923277967
4.308742,-1.7457868,12.383211,1.5761261,0.8635254,3.2919464,-38.75885,18.23883,-7.6187134,3.840589,-0.979466,8.97,1423808718933196180
8.826802,-1.20412,13.3499155,1.6348724,1.3452454,3.3474884,-38.279724,20.698547,-7.978821,3.612818,-0.9478888,9.067493,1423808718943450086
8.826802,-1.20412,13.3499155,1.6925507,1.8803711,3.3325348,-38.279724,20.698547,-7.978821,3.612818,-0.9478888,9.067493,1423808718953337781
10.793919,-0.5128746,13.628826,1.8687897,2.2841187,3.2353363,-37.438965,22.679138,-9.1796875,3.4455674,-0.9150237,9.135709,1423808718963591687
12.5821905,-0.3037154,13.0225935,2.1646576,2.4753113,3.0708466,-37.438965,22.679138,-9.1796875,3.2328527,-0.86096317,9.21834,1423808718973448865
13.876343,-0.47969985,11.959585,2.5320892,2.510559,2.8775177,-36.419678,24.778748,-10.679626,3.0075145,-0.7758729,9.301788,1423808718983733289
15.098209,-0.37035543,10.386456,2.8931122,2.4283142,2.6243744,-36.419678,24.778748,-10.679626,2.7673864,-0.641348,9.386193,1423808718993620984
17.362505,0.31964454,6.083703,3.1441193,2.2745056,2.296463,-35.1593,26.879883,-12.658691,2.3403769,-0.23259474,9.520448,1423808719003874890
17.410683,0.2988511,4.231021,3.2968597,2.1345825,1.9151459,-35.1593,26.879883,-12.658691,2.1624308,0.021822432,9.56524,1423808719013732068
16.670334,0.05385378,2.829461,3.3417206,2.037384,1.5242157,-33.47931,28.259277,-15.119934,1.9875488,0.3148636,9.597963,1423808719024199598
15.947021,-0.27421856,1.3601913,3.3032684,1.9807739,1.1706696,-33.47931,28.259277,-15.119934,1.836762,0.5987059,9.614481,1423808719033965223
14.782944,-1.0039519,0.5511112,3.2220917,1.9220276,0.84916687,-31.559753,29.278564,-18.119812,1.683957,0.895401,9.619404,1423808719044127576
13.964199,-1.7896979,0.23813915,3.1569366,1.8632813,0.62272644,-31.559753,29.278564,-18.119812,1.5409385,1.181447,9.612496,1423808719054015271
13.558558,-1.8660603,-1.0333996,3.1857758,1.7361755,0.47425842,-29.759216,29.579163,-20.999146,1.4005657,1.4803292,9.592572,1423808719064269178
13.558558,-1.8660603,-1.0333996,3.298996,1.4061279,0.32792664,-29.759216,29.579163,-20.999146,1.4005657,1.4803292,9.592572,1423808719074187390
13.663369,-1.6073868,-2.7747746,3.3951263,0.9553833,0.13673401,-27.778625,29.278564,-24.299622,1.2882494,1.7793442,9.557445,1423808719084380262
13.97184,-1.5508935,-3.7131948,3.4399872,0.5612488,-0.11747742,-27.778625,29.278564,-24.299622,1.2097195,2.098875,9.50272,1423808719094298474
14.084309,-1.5571277,-4.117859,3.4506683,0.2824707,-0.42829895,-26.039124,28.379822,-27.83966,1.1709392,2.4176123,9.431566,1423808719104491346
13.714907,-1.8071675,-4.753997,3.4399872,0.064575195,-0.7615509,-26.039124,28.379822,-27.83966,1.1553706,2.7486455,9.342401,1423808719114440076
12.94998,-2.267405,-5.7822447,3.3951263,-0.1458435,-1.0830536,-24.539185,26.998901,-30.899048,1.1531017,3.0721853,9.241343,1423808719124632947
12.032923,-3.0277407,-6.9271603,3.2819061,-0.30392456,-1.3767853,-24.539185,26.998901,-30.899048,1.1563008,3.4008424,9.12511,1423808719134581678
10.983482,-3.715848,-7.971925,3.085373,-0.40753174,-1.6480865,-23.278809,24.598694,-33.599854,1.1611644,3.7138789,9.001621,1423808719144805066
10.001366,-4.382397,-8.513542,2.8557281,-0.4673462,-1.8948212,-23.278809,24.598694,-33.599854,1.1603746,4.020181,8.8691635,1423808719154692762
9.056135,-5.2932043,-8.704841,2.6453094,-0.5090027,-2.1212616,-22.259521,21.77887,-36.17859,1.1502057,4.2956195,8.740427,1423808719164946668
7.8461227,-6.019152,-9.082095,2.4487762,-0.55599976,-2.3135223,-22.259521,21.77887,-36.17859,1.1247361,4.5599623,8.608838,1423808719174864881
6.1623836,-6.88129,-9.562279,2.2629242,-0.6008606,-2.4256744,-21.899414,18.838501,-38.339233,1.0855653,4.7961755,8.484612,1423808719185057752
4.356146,-7.6056437,-10.1175785,2.1251373,-0.7268982,-2.4470367,-21.899414,18.838501,-38.339233,1.0313823,5.020108,8.36093,1423808719195006482
2.9206247,-8.320538,-10.84926,2.0621185,-1.0056763,-2.4064484,-21.839905,15.779114,-40.078735,0.97343063,5.2220774,8.243344,1423808719205199353
1.5500511,-8.889189,-11.846556,2.0268707,-1.4275818,-2.3177948,-21.839905,15.779114,-40.078735,0.92233515,5.41737,8.122302,1423808719215148084
0.98158175,-8.694687,-13.023623,1.9296722,-1.8591003,-2.2569122,-21.77887,12.599182,-41.038513,0.89712363,5.6019826,7.9989595,1423808719225340955
0.49472028,-8.683535,-13.697298,1.6989594,-2.1207886,-2.246231,-21.77887,12.599182,-41.038513,0.90272623,5.783316,7.86821,1423808719235289685
-0.3694563,-8.924393,-14.2565565,1.3016205,-2.144287,-2.2494354,-22.198486,9.359741,-41.69922,0.9292478,5.945905,7.7429385,1423808719245482557
-1.6711186,-9.117017,-14.524896,0.79533386,-2.0011597,-2.2312775,-22.198486,9.359741,-41.69922,0.9588938,6.0868063,7.6290035,1423808719255431287
-2.9362955,-9.335851,-14.198271,0.32643127,-1.8505554,-2.1778717,-22.918701,5.9387207,-41.63971,0.9759649,6.189278,7.543919,1423808719265624158
-4.505796,-9.715775,-13.10418,-0.012161255,-1.7597656,-2.059311,-22.918701,5.9387207,-41.63971,0.9772811,6.2547703,7.489537,1423808719275572889
-6.1862383,-10.188936,-12.036477,-0.21403503,-1.7469482,-1.8553009,-23.878479,3.1188965,-41.519165,0.96879315,6.2862916,7.4642053,1423808719285765760
-7.486236,-10.507216,-11.684506,-0.32618713,-1.8526917,-1.5807953,-23.878479,3.1188965,-41.519165,0.96286565,6.295763,7.4569864,1423808719295683973
-8.30955,-10.726637,-11.325699,-0.40202332,-2.0203857,-1.2838593,-24.539185,0.7797241,-41.09955,0.9730576,6.290661,7.4599686,1423808719305907361
-8.874,-10.78678,-10.936522,-0.4789276,-2.1838074,-0.98158264,-24.539185,0.7797241,-41.09955,1.0118695,6.275363,7.467685,1423808719315856092
-9.332048,-10.547976,-10.386206,-0.54408264,-2.3600464,-0.6825104,-25.738525,-1.1398315,-40.319824,1.079668,6.25228,7.477546,1423808719326079480
-9.543168,-10.332994,-10.20118,-0.6263275,-2.5939636,-0.40586853,-25.738525,-1.1398315,-40.319824,1.1824098,6.220867,7.4881973,1423808719335997693
-9.381137,-10.157564,-9.61875,-0.77693176,-2.78302,-0.18904114,-26.818848,-2.758789,-39.179993,1.3157865,6.1819572,7.498166,1423808719346221082
-9.395501,-10.088139,-8.41701,-1.0087128,-2.792633,-0.004257202,-26.818848,-2.758789,-39.179993,1.4864762,6.129064,7.5096836,1423808719356108777
-9.955695,-10.398602,-6.594875,-1.2714691,-2.5715332,0.19868469,-28.199768,-4.1397095,-37.61902,1.6700554,6.058563,7.5282874,1423808719366362683
-10.824608,-10.944897,-4.412552,-1.4573212,-2.262848,0.45610046,-28.199768,-4.1397095,-37.61902,1.8639369,5.9598823,7.5614767,1423808719376280896
-12.031637,-11.528709,-3.5092444,-1.5566559,-2.0631104,0.8160553,-29.759216,-4.73938,-36.05957,2.0430024,5.8405337,7.608199,1423808719386534803
-12.574292,-12.065306,-3.102512,-1.5801544,-2.050293,1.2657318,-29.759216,-4.73938,-36.05957,2.227611,5.69695,7.665044,1423808719396453015
-12.04412,-12.185453,-2.5545077,-1.5459747,-2.1571045,1.7154083,-31.259155,-4.6188354,-34.61914,2.4218762,5.540475,7.720624,1423808719406676404
-10.713743,-11.743074,-1.3099341,-1.4541168,-2.3130493,2.0785675,-31.259155,-4.6188354,-34.61914,2.6541245,5.364105,7.76868,1423808719416594617
-9.319791,-11.287163,0.14870644,-1.3878937,-2.346161,2.315689,-32.51953,-4.019165,-33.239746,2.9113553,5.1806536,7.800976,1423808719426818006
-8.188288,-11.077744,1.453949,-1.4380951,-2.106903,2.454544,-32.51953,-4.019165,-33.239746,3.1993444,4.981912,7.817617,1423808719436736219
-7.760291,-10.945595,2.6781025,-1.5641327,-1.6956787,2.5506744,-33.898926,-2.5787354,-31.439209,3.475785,4.7751193,7.828636,1423808719446959607
-8.110459,-10.455912,3.2523947,-1.6762848,-1.3421326,2.6884613,-33.898926,-2.5787354,-31.439209,3.7347822,4.544398,7.84667,1423808719456877820
-8.687532,-10.542288,3.6991158,-1.7232819,-1.1712341,2.9309235,-35.4599,-0.5996704,-29.638672,3.9542046,4.298871,7.877459,1423808719467101209
-7.711714,-10.374264,5.192912,-1.7029877,-1.1285095,3.2203827,-35.4599,-0.5996704,-29.638672,4.3569493,3.7384512,7.950557,1423808719477019422
-6.0651507,-10.19193,5.9215746,-1.6602631,-1.1658936,3.4756622,-36.779785,2.0385742,-27.83966,4.5628643,3.4262235,7.975691,1423808719487242810
-6.0651507,-10.19193,5.9215746,-1.6239471,-1.2000732,3.6230621,-36.779785,2.0385742,-27.83966,4.5628643,3.4262235,7.975691,1423808719497161023
-4.765332,-9.945009,7.765808,-1.5822906,-1.0644226,3.6753998,-37.799072,4.9194336,-25.91858,4.761752,3.1080296,7.9897594,1423808719507414930
-4.7155156,-9.238904,9.768957,-1.4882965,-0.78671265,3.7170563,-37.799072,4.9194336,-25.91858,4.952385,2.7711833,7.997801,1423808719517333142
-4.8355207,-8.638369,10.902111,-1.3195343,-0.53463745,3.7747345,-38.398743,8.699036,-23.878479,5.1068926,2.4418905,8.007946,1423808719527526014
-4.7651787,-8.973091,10.471576,-1.1721344,-0.39898682,3.8655243,-38.398743,8.699036,-23.878479,5.233348,2.1061432,8.021635,1423808719537444226
-4.2608027,-9.488755,11.160421,-1.1005707,-0.29537964,4.0246735,-38.519287,12.179565,-22.079468,5.4083853,1.4464117,8.051561,1423808719547698133
-2.6351,-9.347038,12.418155,-1.0364838,-0.16186523,4.252182,-38.519287,12.179565,-22.079468,5.4643297,1.1137898,8.066657,1423808719557585828
-0.93584013,-8.80342,13.683079,-0.97346497,0.040008545,4.398514,-38.459778,16.018677,-20.159912,5.4973183,0.7638106,8.084953,1423808719567839734
-0.14668083,-8.563758,14.016898,-0.8837433,0.30596924,4.409195,-38.459778,16.018677,-20.159912,5.4959545,0.4274622,8.11062,1423808719577727430
-1.4208555,-8.524102,13.27646,-0.7320709,0.4779358,4.3589935,-37.85858,19.979858,-18.359375,5.45978,0.09188776,8.14572,1423808719587981336
-1.9945731,-9.592876,13.182377,-0.4842682,0.34335327,4.446579,-37.85858,19.979858,-18.359375,5.4071593,-0.2175195,8.178368,1423808719597869031
-2.1449666,-10.567398,13.740813,-0.18519592,0.044281006,4.6666107,-36.95984,23.579407,-16.738892,5.3552985,-0.5220728,8.198695,1423808719608122937
-1.0571032,-10.976229,14.9211445,0.0690155,-0.16400146,4.982773,-36.95984,23.579407,-16.738892,5.3098917,-0.8055236,8.2052765,1423808719618010633
1.4373751,-11.157105,15.687766,0.24525452,-0.16079712,5.3512726,-35.57892,27.059937,-15.359497,5.257389,-1.0951507,8.205541,1423808719628264539
4.570452,-10.1965275,16.613163,0.33070374,-0.013397217,5.6727753,-35.57892,27.059937,-15.359497,5.1854587,-1.3750263,8.209184,1423808719638152234
7.7611947,-8.349482,18.428043,0.40760803,0.22052002,5.8394012,-33.659363,30.239868,-14.279175,5.079303,-1.6589248,8.22308,1423808719648406140
10.042763,-7.3116274,20.10965,0.6148224,0.47473145,5.7956085,-33.659363,30.239868,-14.279175,4.943035,-1.9131199,8.250864,1423808719658293836
11.353796,-7.0727596,20.556377,1.3913422,0.92333984,5.3331146,-31.439209,33.299255,-13.55896,4.7652254,-2.1111782,8.306981,1423808719668547742
11.353796,-7.0727596,20.556377,1.3913422,0.92333984,5.3331146,-31.439209,33.299255,-13.55896,4.7652254,-2.1111782,8.306981,1423808719678404920
11.076875,-7.569625,19.156378,2.1753387,0.8208008,5.1194916,-28.858948,35.699463,-13.439941,4.5721626,-2.2497451,8.378804,1423808719688689344
10.775259,-8.117421,17.819649,2.5085907,0.6968994,5.214554,-28.858948,35.699463,-13.439941,4.371116,-2.3446531,8.459688,1423808719698577039
10.748071,-8.705698,17.114466,2.8557281,0.81973267,5.288254,-26.278687,38.15918,-13.798523,4.1852007,-2.3763082,8.544451,1423808719708830945
12.755167,-8.2659,18.300869,3.179367,1.1572571,5.214554,-26.278687,38.15918,-13.798523,3.991699,-2.3682635,8.638753,1423808719718718640
15.596041,-7.6424723,18.597015,3.4132843,1.5652771,5.0169525,-23.098755,39.959717,-14.518738,3.792223,-2.3176932,8.741724,1423808719728972547
18.281237,-6.8223205,17.19825,3.6194305,1.8408508,4.652725,-23.098755,39.959717,-14.518738,3.5640714,-2.2198105,8.862292,1423808719738860242
21.106243,-5.770422,15.456748,3.7849884,1.9391174,4.1848907,-19.918823,41.218567,-15.899658,3.3334491,-2.0803297,8.985028,1423808719749114148
23.021967,-4.8748293,11.4361515,3.8683014,1.9957275,3.6935577,-19.918823,41.218567,-15.899658,2.8808348,-1.666586,9.224623,1423808719759001844
22.603033,-4.53856,10.04167,3.892868,2.064087,3.2364044,-16.319275,41.69922,-17.999268,2.6666067,-1.4044418,9.332049,1423808719769255750
21.962397,-4.820252,8.948531,3.9142303,2.1078796,2.8369293,-16.319275,41.69922,-17.999268,2.4699721,-1.1296519,9.423031,1423808719779143445
21.060486,-5.3266225,7.8998346,3.94841,2.1345825,2.5111542,-12.838745,41.69922,-20.27893,2.2718546,-0.8256452,9.504071,1423808719789397351
19.384,-5.5107045,5.448865,3.9879303,2.1313782,2.2248993,-12.838745,41.69922,-20.27893,2.088817,-0.516217,9.567694,1423808719799285047
18.747593,-5.8133664,4.134943,4.0253143,2.1313782,1.9845734,-9.4192505,40.79895,-23.039246,1.9054378,-0.18028721,9.618066,1423808719809538953
18.836803,-5.602172,3.1017008,4.0744476,2.0769043,1.7816315,-9.4192505,40.79895,-23.039246,1.7403928,0.156884,9.649705,1423808719819426648
19.2808,-5.3253174,1.6838017,4.1737823,1.9263,1.5615997,-6.1798096,39.419556,-26.098633,1.586824,0.5203465,9.663416,1423808719829619519
19.371576,-4.9104652,-0.19240952,4.2934113,1.703064,1.2700043,-6.1798096,39.419556,-26.098633,1.4623017,0.89195305,9.655904,1423808719839537732
18.830805,-5.010459,-1.8792648,4.3799286,1.4403076,0.91539,-2.8793335,37.139893,-29.399109,1.3590833,1.291604,9.625749,1423808719849761121
17.867819,-5.275549,-3.11907,4.3991547,1.1925049,0.544754,-2.8793335,37.139893,-29.399109,1.2832979,1.6884582,9.574583,1423808719859679334
16.819687,-5.4939556,-4.5971775,4.3350677,1.0461731,0.192276,0.47912598,34.07898,-32.339478,1.2190188,2.0988433,9.501538,1423808719869902723
15.72177,-5.472317,-6.2630014,4.16951,1.0013123,-0.13243103,0.47912598,34.07898,-32.339478,1.1602199,2.4882739,9.414498,1423808719879820935
15.238042,-4.8818245,-7.894971,3.919571,0.9820862,-0.41654968,3.2989502,30.659485,-35.099792,1.0942918,2.8724716,9.312455,1423808719890044324
14.75661,-4.4245157,-8.435991,3.6375885,0.9073181,-0.72416687,3.2989502,30.659485,-35.099792,1.026256,3.2214344,9.205408,1423808719899962537
13.583443,-4.829322,-8.010704,3.3491974,0.9051819,-1.0755768,5.758667,26.879883,-37.438965,0.9444919,3.5520108,9.09184,1423808719910155408
12.237474,-5.5789814,-8.11985,3.1473236,0.9489746,-1.3874664,5.758667,26.879883,-37.438965,0.84692746,3.850317,8.979319,1423808719920104139
10.852929,-6.243753,-9.4931755,3.0800323,0.8710022,-1.642746,7.739258,23.2193,-39.419556,0.73067224,4.1427035,8.858584,1423808719930327527
9.336731,-7.005133,-11.193863,3.040512,0.64349365,-1.846756,7.739258,23.2193,-39.419556,0.6158782,4.4186416,8.73308,1423808719940245740
7.7686863,-7.7305326,-11.985702,2.957199,0.29742432,-2.0005646,9.359741,19.378662,-41.33911,0.5064948,4.6930118,8.5959,1423808719950469129
6.396777,-8.49069,-12.375678,2.8567963,-0.11593628,-2.097763,9.359741,19.378662,-41.33911,0.4191602,4.945757,8.457788,1423808719960387342
5.2809668,-8.799309,-12.857112,2.7628021,-0.5453186,-2.1639862,10.798645,15.779114,-42.718506,0.35254946,5.193107,8.311301,1423808719970610730
3.742971,-9.442593,-13.014096,2.5737457,-0.82943726,-2.2302094,10.798645,15.779114,-42.718506,0.30458096,5.4162245,8.169586,1423808719980528943
2.3517213,-10.228868,-12.866348,2.223404,-0.80059814,-2.2526398,11.759949,12.179565,-43.73932,0.25379914,5.6178946,8.034005,1423808719990721814
1.0675286,-10.649654,-13.164419,1.8079071,-0.6029968,-2.208847,11.759949,12.179565,-43.73932,0.18752386,5.780529,7.9196405,1423808720000670545
1.0675286,-10.649654,-13.164419,1.4607697,-0.5260925,-2.1169891,12.359619,9.239197,-44.3985,0.18752386,5.780529,7.9196405,1423808720010893933
-1.2850384,-11.406788,-14.227441,1.2097626,-0.73010254,-1.9877472,12.359619,9.239197,-44.3985,0.030088903,6.0178914,7.7430267,1423808720020812146
-1.7879155,-11.664362,-13.532697,1.1082916,-1.1904602,-1.8018951,12.419128,6.8389893,-45.17975,-0.015354739,6.107407,7.672661,1423808720031035535
-1.9226271,-11.664478,-13.110036,1.1809235,-1.8452148,-1.6053619,12.419128,6.8389893,-45.17975,-0.008594979,6.1913433,7.605102,1423808720040923230
-2.044948,-11.299821,-12.891657,1.3283234,-2.560852,-1.4536896,12.239075,4.798889,-46.018982,0.05979617,6.2870636,7.525932,1423808720051177137
-2.8717546,-11.476917,-12.472395,1.3208466,-3.013733,-1.3885345,12.239075,4.798889,-46.018982,0.17090738,6.384635,7.441614,1423808720061095349
-2.8717546,-11.476917,-12.472395,0.91282654,-2.7937012,-1.3607635,11.698914,3.1799316,-46.679688,0.17090738,6.384635,7.441614,1423808720071318738
-6.4612484,-12.726067,-12.788727,0.20680237,-2.1218567,-1.2763824,11.698914,3.1799316,-46.679688,0.37083945,6.512214,7.322836,1423808720081236951
-8.134477,-13.419025,-12.613243,-0.47999573,-1.5237122,-1.1022797,10.798645,1.7990112,-47.039795,0.41066438,6.503583,7.32838,1423808720091429822
-9.237916,-14.113249,-12.314449,-0.9136505,-1.3036804,-0.82777405,10.798645,1.7990112,-47.039795,0.43193188,6.452378,7.372289,1423808720101378553
-9.423897,-14.035463,-12.099409,-1.0364838,-1.5514832,-0.4667511,9.779358,0.8392334,-47.279358,0.47742417,6.3769197,7.4348736,1423808720111601941
-9.423897,-14.035463,-12.099409,-0.95103455,-2.1677856,-0.111068726,9.779358,0.8392334,-47.279358,0.47742417,6.3769197,7.4348736,1423808720121520154
-9.497037,-14.038924,-11.320499,-0.78868103,-2.9015808,0.20402527,8.338928,0.23956299,-47.698975,0.57717437,6.299106,7.493899,1423808720131743543
-10.113052,-14.722151,-8.759783,-0.6669159,-3.543518,0.49562073,8.338928,0.23956299,-47.698975,0.9998652,6.1573873,7.566851,1423808720141692273
-10.113052,-14.722151,-8.759783,-0.7427521,-3.7859802,0.7936249,6.7199707,0.23956299,-48.059082,0.9998652,6.1573873,7.566851,1423808720151915662
-11.020932,-15.632385,-7.650205,-1.1080475,-3.533905,1.1503754,6.7199707,0.23956299,-48.059082,1.3035531,6.0837803,7.5801554,1423808720161833875
-11.751256,-16.462986,-6.8840966,-1.6463776,-3.0212097,1.5701447,4.6798706,0.5996704,-48.599243,1.6166894,5.986784,7.5970473,1423808720172057264
-11.805117,-17.144363,-6.1093216,-2.1387787,-2.6206665,2.0027313,4.6798706,0.5996704,-48.599243,1.9356087,5.8394527,7.6370544,1423808720181975476
-10.863052,-17.29873,-4.542044,-2.4218292,-2.50531,2.4000702,2.519226,1.2588501,-48.719788,2.2369058,5.64,7.7043524,1423808720192198865
-9.716673,-17.273602,-2.3109007,-2.4784393,-2.5950317,2.7440033,2.519226,1.2588501,-48.719788,2.552592,5.3832917,7.7894053,1423808720202117078
-8.433464,-16.933428,0.4932313,-2.4463959,-2.6174622,3.019577,-0.119018555,2.3986816,-48.719788,2.8754592,5.097703,7.8686438,1423808720212340467
-7.499375,-17.206848,2.5706663,-2.4859161,-2.4337463,3.2524261,-0.119018555,2.3986816,-48.719788,3.2248,4.7790666,7.9329424,1423808720222258680
-6.24644,-17.440155,5.1248474,-2.615158,-2.1378784,3.427597,-2.4597168,4.258728,-48.539734,3.8899086,4.074813,8.027135,1423808720232482068
-6.24644,-17.440155,5.1248474,-2.7881927,-1.8473511,3.5717926,-2.4597168,4.258728,-48.539734,3.8899086,4.074813,8.027135,1423808720242400281
-5.9531984,-17.980024,7.057811,-2.9719086,-1.5076904,3.7021027,-4.73938,6.6589355,-48.239136,4.177733,3.6792946,8.073397,1423808720252623670
-6.0041103,-18.546955,8.768635,-3.1833954,-1.1156921,3.8505707,-4.73938,6.6589355,-48.239136,4.4379973,3.2372508,8.123717,1423808720262541883
-6.271868,-18.869852,10.999807,-3.3521576,-0.7536011,4.058853,-6.77948,9.539795,-47.639465,4.645942,2.771691,8.179446,1423808720272795789
-7.026664,-19.124573,13.03179,-3.364975,-0.56347656,4.392105,-6.77948,9.539795,-47.639465,4.812164,2.256055,8.241583,1423808720282683484
-7.101019,-19.351208,15.523713,-3.0626984,-0.6638794,4.8204193,-8.399963,12.658691,-46.739197,4.930804,1.7273189,8.299032,1423808720292937390
-5.665127,-19.376625,17.574417,-2.493393,-0.9800415,5.21669,-8.399963,12.658691,-46.739197,5.032795,1.1671584,8.335413,1423808720302825086
-3.4001641,-19.457998,18.65427,-1.8973846,-1.2417297,5.495468,-9.599304,16.018677,-45.41931,5.127219,0.6363531,8.335291,1423808720313078992
-1.7206812,-18.538794,19.22659,-1.4583893,-1.2214355,5.6738434,-9.599304,16.018677,-45.41931,5.2249317,0.119811475,8.297959,1423808720322966687
-1.2161183,-17.272766,19.660664,-1.187088,-0.9672241,5.826584,-10.139465,19.558716,-43.919373,5.2992563,-0.34760374,8.244237,1423808720333220594
-1.4889827,-16.70901,20.231672,-0.9969635,-0.63290405,6.105362,-10.139465,19.558716,-43.919373,5.3346677,-0.8085975,8.188888,1423808720343047254
-0.6227689,-16.1163,20.99746,-0.78227234,-0.3338318,6.4546356,-9.899902,22.918701,-42.478943,5.315359,-1.2411344,8.147204,1423808720353362195
4.357314,-13.9677925,22.792328,-0.4778595,-0.14477539,6.7579803,-9.899902,22.918701,-42.478943,5.118265,-2.0950625,8.098423,1423808720363249890
4.357314,-13.9677925,22.792328,-0.054885864,-0.08709717,6.9641266,-8.81958,26.098633,-40.73944,5.118265,-2.0950625,8.098423,1423808720373503797
7.29703,-12.822677,23.29693,0.42256165,-0.09564209,7.039963,-8.81958,26.098633,-40.73944,4.9537024,-2.4867022,8.089965,1423808720383391492
9.701017,-11.137838,23.305517,0.8124237,-0.02835083,7.012192,-7.019043,28.619385,-39.05945,4.7687383,-2.8167262,8.092934,1423808720393614881
11.431776,-9.497493,22.891195,1.1243134,0.09234619,6.966263,-7.019043,28.619385,-39.05945,4.5565066,-3.1026418,8.110625,1423808720403533094
13.260622,-7.8140106,24.055515,1.5045624,0.27072144,6.928879,-4.4387817,30.119324,-37.678528,4.3296895,-3.3283603,8.145317,1423808720413787000
16.36773,-6.131052,25.482943,2.0140533,0.526001,6.7611847,-4.4387817,30.119324,-37.678528,4.075399,-3.5069487,8.201391,1423808720423674695
19.406658,-4.64433,25.626076,2.566269,0.84750366,6.4140472,-1.499939,30.778503,-36.779785,3.813544,-3.6155958,8.2797785,1423808720433928601
21.437864,-4.294533,23.473518,3.0736237,1.0739441,5.9430084,-1.499939,30.778503,-36.779785,3.5269446,-3.65389,8.389287,1423808720443816297
21.51318,-4.730934,19.824638,3.4538727,1.1113281,5.4719696,1.7990112,30.419922,-36.358643,3.2460575,-3.6158097,8.518182,1423808720454070203
18.555035,-6.33582,15.64004,3.7379913,0.97247314,5.162216,1.7990112,30.419922,-36.358643,2.7113285,-3.3447618,8.810883,1423808720463957898
18.555035,-6.33582,15.64004,4.013565,0.9126587,5.051132,5.4595947,29.039001,-36.17859,2.7113285,-3.3447618,8.810883,1423808720474211805
19.855139,-5.980137,15.382718,4.3062286,1.0184021,4.912277,5.4595947,29.039001,-36.17859,2.478916,-3.1276817,8.957844,1423808720484099500
22.20514,-4.528265,13.607123,4.502762,1.1903687,4.5897064,8.938599,26.519775,-36.358643,2.275089,-2.8724773,9.096331,1423808720494353406
25.30341,-2.4379432,8.699192,4.549759,1.3804932,4.0620575,8.938599,26.519775,-36.358643,1.8948843,-2.2330508,9.359128,1423808720504241101
25.30341,-2.4379432,8.699192,4.502762,1.5310974,3.4051666,12.298584,23.039246,-36.479187,1.8948843,-2.2330508,9.359128,1423808720514495008
23.33305,-2.112737,5.2421255,4.409836,1.6336365,2.740799,12.298584,23.039246,-36.479187,1.5586392,-1.500649,9.564993,1423808720524382703
23.33305,-2.112737,5.2421255,4.2870026,1.7511292,2.1447906,15.299988,18.659973,-36.65924,1.5586392,-1.500649,9.564993,1423808720534636609
21.41465,-2.7001476,3.8709478,4.159897,1.9028015,1.6908417,15.299988,18.659973,-36.65924,1.3985034,-1.115526,9.642104,1423808720544524305
19.563889,-3.0950403,3.0924454,4.1182404,2.001068,1.3650665,18.179321,13.919067,-36.95984,1.2436391,-0.7441894,9.698965,1423808720554747693
18.531374,-3.482085,2.0516958,4.151352,1.9786377,1.0884247,18.179321,13.919067,-36.95984,1.0775177,-0.35989946,9.740627,1423808720564665906
16.861357,-4.1280656,-1.2294979,4.1919403,1.8493958,0.8032379,20.579529,9.239197,-36.95984,0.7652085,0.41692019,9.767857,1423808720574889295
16.861357,-4.1280656,-1.2294979,4.1940765,1.6891785,0.5276642,20.579529,9.239197,-36.95984,0.7652085,0.41692019,9.767857,1423808720584776990
16.097704,-4.4780602,-3.0405836,4.13533,1.4862366,0.27772522,22.619629,4.0786743,-36.419678,0.6332245,0.8069328,9.75286,1423808720595061414
15.332339,-4.5005846,-4.9447165,4.050949,1.1593933,0.05128479,22.619629,4.0786743,-36.419678,0.5123046,1.2125175,9.717908,1423808720605010144
14.846876,-4.529075,-5.808443,3.985794,0.8015747,-0.19224548,24.35913,-0.8392334,-35.879517,0.420454,1.5983969,9.666371,1423808720615172498
14.653203,-4.5567045,-5.841053,3.9729767,0.48861694,-0.4742279,24.35913,-0.8392334,-35.879517,0.3566004,1.9846599,9.597101,1423808720625090711
14.050409,-5.070951,-6.026284,3.9644318,0.26324463,-0.7604828,25.559998,-5.5786133,-34.91974,0.32077035,2.3552616,9.514213,1423808720635344617
12.625476,-5.4380198,-8.160705,3.9131622,0.09448242,-1.0339203,25.559998,-5.5786133,-34.91974,0.287365,3.0963235,9.30057,1423808720645232312
11.869322,-5.8509517,-9.320051,3.7935333,-0.08709717,-1.3255157,26.69983,-9.719849,-33.659363,0.27673593,3.4586437,9.172328,1423808720655455701
11.869322,-5.8509517,-9.320051,3.5916595,-0.24304199,-1.6053619,26.69983,-9.719849,-33.659363,0.27673593,3.4586437,9.172328,1423808720665373914
11.268004,-6.3102436,-10.116168,3.3395844,-0.3690796,-1.8798676,27.598572,-13.259888,-32.398987,0.26707974,3.7916486,9.040048,1423808720675597303
10.57904,-6.5165496,-10.861947,3.0875092,-0.54959106,-2.1586456,27.598572,-13.259888,-32.398987,0.25171497,4.110633,8.899984,1423808720685546033
9.974373,-6.9846387,-11.303112,2.8386383,-0.7503967,-2.450241,28.619385,-16.19873,-31.199646,0.23220877,4.3946543,8.76376,1423808720695738904
7.2081294,-8.698343,-10.609438,2.5694733,-0.84332275,-2.7204742,28.619385,-16.19873,-31.199646,0.17149739,4.8870144,8.500475,1423808720705657117
7.2081294,-8.698343,-10.609438,2.288559,-0.82302856,-2.8956451,29.039001,-18.778992,-30.059814,0.17149739,4.8870144,8.500475,1423808720716063611
5.5842185,-9.601536,-10.460636,2.0599823,-0.8198242,-2.9757538,29.039001,-18.778992,-30.059814,0.11425094,5.0978055,8.376737,1423808720725890271
3.896893,-10.458346,-10.825352,1.9414215,-0.9949951,-2.9575958,29.579163,-20.639038,-29.159546,0.0428812,5.2710133,8.269521,1423808720736052625
1.3720725,-11.011639,-11.679279,1.927536,-1.3934021,-2.8678741,29.579163,-20.639038,-29.159546,-0.09378161,5.5788283,8.0646305,1423808720745940320
0.4147222,-11.153891,-12.132222,1.9499664,-1.8922119,-2.755722,30.119324,-22.019958,-28.49884,-0.12000451,5.7289124,7.9583635,1423808720756163709
0.4147222,-11.153891,-12.132222,1.9243317,-2.383545,-2.6318207,30.119324,-22.019958,-28.49884,-0.12000451,5.7289124,7.9583635,1423808720766112439
-0.19452918,-11.096724,-12.5074,1.5120392,-2.9069214,-2.4203339,29.99878,-22.799683,-27.719116,-0.107404806,5.873363,7.852545,1423808720776305310
-1.6791493,-10.957226,-12.648834,1.0677032,-2.7990417,-2.311386,29.99878,-22.799683,-27.719116,0.020641621,6.0981507,7.680008,1423808720786223523
-1.6791493,-10.957226,-12.648834,0.54219055,-2.5726013,-2.1746674,30.178833,-23.039246,-27.83966,0.020641621,6.0981507,7.680008,1423808720796630017
-3.6098883,-11.196085,-12.78336,0.041244507,-2.3984985,-2.0101776,30.178833,-23.039246,-27.83966,0.13717717,6.181141,7.612166,1423808720806456678
-3.6098883,-11.196085,-12.78336,-0.33580017,-2.3418884,-1.791214,30.119324,-22.918701,-28.079224,0.13717717,6.181141,7.612166,1423808720816619031
-4.8087845,-11.373637,-12.092401,-0.4981537,-2.4882202,-1.4868011,30.119324,-22.918701,-28.079224,0.1907737,6.1691194,7.620758,1423808720826567762
-6.0909257,-11.807972,-10.973352,-0.48747253,-2.810791,-1.1396637,29.93927,-22.558594,-28.73993,0.26046178,6.1356616,7.6456656,1423808720836730115
-7.0566163,-11.867611,-9.662159,-0.43833923,-3.172882,-0.81282043,29.93927,-22.558594,-28.73993,0.52477825,6.057216,7.694487,1423808720846648328
-7.0566163,-11.867611,-9.662159,-0.45115662,-3.497589,-0.55433655,29.278564,-21.77887,-29.699707,0.52477825,6.057216,7.694487,1423808720857054822
-6.7006993,-11.740225,-9.336242,-0.60176086,-3.6834412,-0.34178162,29.278564,-21.77887,-29.699707,0.73606247,6.019145,7.7070413,1423808720866789930
-6.669881,-11.785661,-9.038753,-0.899765,-3.6781006,-0.106796265,28.318787,-20.939636,-30.899048,0.9673307,5.976319,7.714809,1423808720877013318
-7.5851793,-12.113468,-8.427009,-1.344101,-3.4580688,0.15489197,28.318787,-20.939636,-30.899048,1.2311616,5.9116006,7.7270694,1423808720886931531
-8.282163,-12.635742,-7.4771423,-1.826889,-3.0575256,0.47425842,26.818848,-20.098877,-32.398987,1.4929054,5.815463,7.753838,1423808720897368543
-9.166982,-13.564023,-5.934102,-2.1740265,-2.72641,0.84916687,26.818848,-20.098877,-32.398987,1.7619232,5.668487,7.806041,1423808720907073133
-9.828805,-15.035927,-1.5959005,-2.3192902,-2.633484,1.2635956,25.2594,-18.899536,-34.259033,2.2617793,5.260029,7.961585,1423808720917296521
-9.828805,-15.035927,-1.5959005,-2.3043365,-2.72641,1.6833649,25.2594,-18.899536,-34.259033,2.2617793,5.260029,7.961585,1423808720927184217
-9.449638,-14.710235,-0.20438671,-2.169754,-2.9272156,2.0700226,23.519897,-17.63916,-36.239624,2.5347176,5.019924,8.03405,1423808720937468640
-9.045101,-13.792984,1.2947149,-1.9550629,-3.1782227,2.4150238,23.519897,-17.63916,-36.239624,2.8505332,4.759967,8.086258,1423808720947417371
-8.123863,-13.203468,2.3600416,-1.8557281,-3.2636719,2.6820526,21.299744,-16.378784,-37.919617,3.188521,4.503501,8.106923,1423808720957579724
-6.990281,-13.007391,5.847616,-1.9892426,-2.9710083,2.8999481,21.299744,-16.378784,-37.919617,3.909416,3.9510698,8.07935,1423808720967497937
-6.990281,-13.007391,5.847616,-2.2295685,-2.4177246,3.0986176,18.778992,-14.99939,-39.89868,3.909416,3.9510698,8.07935,1423808720977904432
-6.9556875,-12.72206,7.623493,-2.4239655,-1.8719177,3.287674,18.778992,-14.99939,-39.89868,4.242441,3.618833,8.0669775,1423808720987761609
-6.904432,-12.534618,9.406311,-2.4613495,-1.4777832,3.4895477,16.19873,-13.439941,-41.578674,4.507989,3.2663832,8.073361,1423808720997893445
-6.9558268,-12.240916,11.129541,-2.3438568,-1.2246399,3.7095795,16.19873,-13.439941,-41.578674,4.7352695,2.8771868,8.091317,1423808721007781140
-6.7953715,-11.963154,12.280404,-2.1825714,-1.0355835,3.9349518,13.55896,-11.579895,-43.13965,4.9218383,2.482101,8.1108,1423808721018218152
-6.6280193,-11.258436,13.906431,-2.0543976,-0.85827637,4.1806183,13.55896,-11.579895,-43.13965,5.2183046,1.6595963,8.135443,1423808721027953260
-6.6280193,-11.258436,13.906431,-1.8770905,-0.7397156,4.4401703,11.158752,-9.719849,-44.33899,5.2183046,1.6595963,8.135443,1423808721038146131
-5.7791686,-10.679786,14.769186,-1.6453094,-0.6585388,4.6730194,11.158752,-9.719849,-44.33899,5.3279333,1.2368774,8.139634,1423808721048155896
-4.8892164,-10.530796,15.711179,-1.3772125,-0.5666809,4.9037323,9.1796875,-7.6797485,-45.118713,5.4109907,0.82126105,8.137389,1423808721058318250
-2.5385132,-10.594943,16.625624,-1.1272736,-0.3840332,5.1024017,9.1796875,-7.6797485,-45.118713,5.4994354,0.00771911,8.119515,1423808721068205945
-1.8230596,-10.963706,16.619282,-1.0033722,-0.09136963,5.279709,7.258606,-5.8792114,-45.959473,5.4894667,-0.39779562,8.116521,1423808721078429334
-1.8230596,-10.963706,16.619282,-0.9948273,0.25683594,5.4698334,7.258606,-5.8792114,-45.959473,5.4894667,-0.39779562,8.116521,1423808721088347547
-1.7603736,-10.886007,16.652996,-0.9916229,0.5046387,5.7689056,5.819702,-4.019165,-46.139526,5.431178,-0.7938285,8.126656,1423808721098601453
-0.9720149,-10.7941065,18.021698,-0.7662506,0.4992981,6.160904,5.819702,-4.019165,-46.139526,5.32172,-1.2093809,8.147826,1423808721108550183
5.6390934,-8.974608,22.006454,-0.15956116,0.24508667,6.448227,4.978943,-2.218628,-46.139526,5.020081,-1.9883571,8.186306,1423808721118743055
8.525615,-8.193389,21.709057,0.70347595,-0.117004395,6.551834,4.978943,-2.218628,-46.139526,4.868875,-2.2897556,8.19887,1423808721128600232
8.525615,-8.193389,21.709057,1.4554291,-0.25906372,6.468521,4.8599243,-0.8987427,-45.899963,4.868875,-2.2897556,8.19887,1423808721138884656
9.363584,-8.194252,19.176823,1.83461,-0.11807251,6.3691864,4.8599243,-0.8987427,-45.899963,4.7170105,-2.5247653,8.218623,1423808721148772351
9.623797,-7.924336,17.44016,1.9339447,0.20663452,6.3350067,4.559326,-0.23956299,-45.599365,4.562077,-2.6896982,8.253688,1423808721158995740
9.905901,-7.9572535,17.582962,2.0332794,0.5420227,6.4343414,4.559326,-0.23956299,-45.599365,4.374775,-2.8246026,8.3098345,1423808721168883435
12.179395,-7.4666624,18.307919,2.3238068,0.711853,6.4994965,4.978943,-0.35858154,-45.298767,4.162445,-2.9327402,8.381138,1423808721179167859
15.549059,-6.247609,18.149027,2.660263,0.850708,6.3510284,4.978943,-0.35858154,-45.298767,3.9177675,-3.0118592,8.470549,1423808721189055555
20.50373,-3.6736977,15.112207,2.843979,1.0803528,5.9323273,5.519104,-1.0787964,-44.639587,3.4209538,-3.0147862,8.68208,1423808721199309461
20.50373,-3.6736977,15.112207,2.9262238,1.2736816,5.326706,5.519104,-1.0787964,-44.639587,3.4209538,-3.0147862,8.68208,1423808721209197156
16.288242,-5.4125977,12.80937,3.0351715,1.3495178,4.797989,5.999756,-2.3986816,-44.039917,2.9225852,-2.8379662,8.920472,1423808721219451062
14.761662,-6.541504,12.1857,3.1708221,1.3110657,4.5437775,5.999756,-2.3986816,-44.039917,2.6925159,-2.6989925,9.0352745,1423808721229338758
15.587932,-6.3043404,12.601647,3.3107452,1.2747498,4.509598,6.478882,-4.319763,-42.77954,2.4685135,-2.5234475,9.149264,1423808721239592664
17.755398,-5.28074,12.927391,3.4998016,1.3409729,4.4604645,6.478882,-4.319763,-42.77954,2.2653823,-2.32344,9.254191,1423808721249480359
19.946728,-4.52794,13.006261,3.6354523,1.601593,4.279953,6.9595337,-6.8389893,-41.69922,2.0543027,-2.0843022,9.359803,1423808721259734265
21.510063,-4.1628036,13.14048,3.7006073,2.0405884,3.9531097,6.9595337,-6.8389893,-41.69922,1.8382391,-1.8273857,9.457903,1423808721269621961
21.9522,-4.1211553,11.767099,3.8533478,2.4368591,3.5055695,7.019043,-9.719849,-40.319824,1.5910004,-1.5324273,9.554621,1423808721279875867
21.396614,-4.6074886,9.260812,4.086197,2.6611633,3.028122,7.019043,-9.719849,-40.319824,1.3414998,-1.2135979,9.638358,1423808721289763562
20.376015,-5.3241587,5.6965914,4.3777924,2.6291199,2.5859222,7.0785522,-12.95929,-38.63983,1.0857847,-0.8425605,9.709868,1423808721300017469
20.376015,-5.3241587,5.6965914,4.6490936,2.3482056,2.231308,7.0785522,-12.95929,-38.63983,1.0857847,-0.8425605,9.709868,1423808721309905164
19.114765,-5.9548907,0.61338234,4.810379,1.9647522,1.9247589,7.258606,-16.43982,-36.71875,0.68353206,-0.0040814946,9.782799,1423808721320159070
18.978285,-5.688002,-1.2419415,4.836014,1.7265625,1.6278229,7.258606,-16.43982,-36.71875,0.5466436,0.43785736,9.781608,1423808721330046765
18.71454,-5.5707846,-2.9013853,4.7046356,1.6315002,1.2796173,7.1395874,-19.67926,-34.379578,0.42654267,0.89571023,9.756339,1423808721340300672
18.136852,-5.8086405,-4.1872873,4.458969,1.6090698,0.90470886,7.1395874,-19.67926,-34.379578,0.32081145,1.3205134,9.71204,1423808721350188367
17.229046,-6.1967645,-4.771738,4.1855316,1.5684814,0.5618439,7.019043,-22.918701,-32.398987,0.21217124,1.734293,9.649746,1423808721360411756
16.46153,-6.3171234,-4.989444,3.9825897,1.443512,0.28092957,7.019043,-22.918701,-32.398987,0.11283554,2.1117103,9.575925,1423808721370329969
15.711991,-6.559823,-5.5274973,3.9259796,1.1818237,0.029922485,6.8984985,-26.098633,-29.93927,0.023612764,2.4862647,9.4862175,1423808721380553357
15.313228,-6.4859967,-6.005473,3.9804535,0.76953125,-0.1933136,6.8984985,-26.098633,-29.93927,-0.035141367,2.8457062,9.384621,1423808721390441053
15.313228,-6.4859967,-6.005473,4.096878,0.31451416,-0.44004822,7.019043,-28.678894,-27.539063,-0.035141367,2.8457062,9.384621,1423808721400694959
14.0503435,-6.5079474,-7.2185087,4.215439,-0.049713135,-0.70173645,7.019043,-28.678894,-27.539063,-0.062619306,3.593653,9.12426,1423808721410582654
14.0503435,-6.5079474,-7.2185087,4.2229156,-0.28363037,-0.99012756,7.0785522,-31.439209,-25.19989,-0.062619306,3.593653,9.12426,1423808721420836560
12.761308,-6.586006,-11.1802845,4.059494,-0.41394043,-1.3201752,7.0785522,-31.439209,-25.19989,-0.035328038,4.3415637,8.793177,1423808721430754773
12.761308,-6.586006,-11.1802845,3.6557465,-0.3829651,-1.6555634,7.319641,-34.07898,-22.738647,-0.035328038,4.3415637,8.793177,1423808721440978162
11.626687,-6.864814,-12.151397,3.1216888,-0.2291565,-1.9407501,7.319641,-34.07898,-22.738647,-0.04042737,4.6834636,8.615911,1423808721450896375
10.433409,-7.3857427,-12.439048,2.6634674,-0.15866089,-2.1682587,7.6797485,-36.239624,-20.219421,-0.07515401,4.968859,8.4543,1423808721461119764
8.987798,-7.9426117,-12.288413,2.3782806,-0.2718811,-2.3338165,7.6797485,-36.239624,-20.219421,-0.14331369,5.2137837,8.304595,1423808721471037976
7.5671935,-8.376381,-12.265413,2.252243,-0.5816345,-2.4481049,8.21991,-37.919617,-17.759705,-0.2259359,5.415095,8.172888,1423808721481261365
6.574071,-8.528651,-12.093687,2.195633,-0.9437256,-2.5527802,8.21991,-37.919617,-17.759705,-0.30931816,5.59996,8.044574,1423808721491179578
5.238766,-9.067123,-12.281669,2.1326141,-1.2641602,-2.6190033,8.938599,-39.479065,-15.539551,-0.37762275,5.766689,7.922947,1423808721501402967
3.4600465,-9.738981,-12.883455,2.0225983,-1.5365295,-2.6681366,8.938599,-39.479065,-15.539551,-0.47590363,6.0755677,7.6831884,1423808721511290662
3.4600465,-9.738981,-12.883455,1.824997,-1.7255859,-2.6927032,9.838867,-40.559387,-13.079834,-0.47590363,6.0755677,7.6831884,1423808721521544568
2.7365558,-10.0800295,-13.003106,1.4928131,-1.7095642,-2.7044525,9.838867,-40.559387,-13.079834,-0.51183045,6.2115173,7.5713587,1423808721531462781
1.4966456,-10.618116,-13.27752,1.0495453,-1.540802,-2.6798859,11.099243,-41.519165,-11.219788,-0.5493121,6.320182,7.4782314,1423808721541686170
0.0672583,-10.946534,-13.442493,0.6084137,-1.4169006,-2.5912323,11.099243,-41.519165,-11.219788,-0.60236454,6.400118,7.405811,1423808721551604383
-1.1942251,-11.1491585,-13.736254,0.25379944,-1.4777832,-2.4534454,12.359619,-42.118835,-9.719849,-0.6670602,6.443763,7.362292,1423808721561827771
-2.1318526,-11.153065,-13.673165,-0.018569946,-1.679657,-2.301773,12.359619,-42.118835,-9.719849,-0.73239297,6.4575577,7.3439727,1423808721571745984
-4.4748464,-12.036787,-12.100138,-0.16490173,-2.022522,-2.097763,13.798523,-42.17987,-8.399963,-0.7994286,6.417757,7.3718176,1423808721581969373
-4.4748464,-12.036787,-12.100138,-0.11790466,-2.5352173,-1.8296661,13.798523,-42.17987,-8.399963,-0.7994286,6.417757,7.3718176,1423808721591887586
-5.2408233,-12.248674,-11.116472,0.03163147,-3.1237488,-1.5337982,15.419006,-42.059326,-7.798767,-0.7725752,6.386242,7.4019885,1423808721602080457
-6.46851,-12.680086,-9.986189,0.09144592,-3.5734253,-1.2389984,15.419006,-42.059326,-7.798767,-0.54180163,6.3515906,7.452123,1423808721612029187
-6.46851,-12.680086,-9.986189,-0.063430786,-3.6738281,-0.9698334,16.859436,-41.999817,-7.559204,-0.54180163,6.3515906,7.452123,1423808721622252576
-7.6530232,-13.26003,-9.684263,-0.45115662,-3.4367065,-0.6931915,16.859436,-41.999817,-7.559204,-0.35674348,6.3386707,7.4742475,1423808721632170789
-8.930452,-13.983692,-9.169422,-0.9211273,-3.0714111,-0.39518738,17.939758,-41.69922,-7.9193115,-0.16675739,6.3073645,7.507312,1423808721642394178
-10.376701,-14.915041,-8.951471,-1.4103241,-2.7285461,-0.051254272,17.939758,-41.69922,-7.9193115,0.024538774,6.2428074,7.562879,1423808721652312390
-11.754192,-16.079851,-8.661242,-1.8664093,-2.487152,0.36637878,18.719482,-41.218567,-8.578491,0.20269825,6.1419806,7.642341,1423808721662535779
-12.513706,-17.2031,-7.6636486,-2.2317047,-2.3824768,0.8448944,18.719482,-41.218567,-8.578491,0.39021787,5.9963975,7.7499247,1423808721672453992
-13.00604,-18.231962,-6.5984516,-2.5147552,-2.394226,1.3746796,19.198608,-40.67993,-9.779358,0.5868897,5.8152204,7.8745894,1423808721682677381
-13.096651,-18.744665,-4.5653477,-2.6781769,-2.4561768,1.925827,19.198608,-40.67993,-9.779358,0.819376,5.591243,8.014799,1423808721692565076
-12.039421,-19.437426,-0.008116722,-2.7454681,-2.5202637,2.4694977,19.198608,-39.89868,-11.338806,1.3837006,5.0536833,8.289515,1423808721702818982
-12.039421,-19.437426,-0.008116722,-2.772171,-2.5309448,2.9992828,19.198608,-39.89868,-11.338806,1.3837006,5.0536833,8.289515,1423808721712737195
-10.856894,-19.653479,1.7994976,-2.8106232,-2.4657898,3.491684,18.47992,-39.479065,-13.319397,1.7081466,4.748879,8.408375,1423808721722960584
-9.199108,-19.67371,3.2803373,-2.8885956,-2.3269348,3.9253387,18.47992,-39.479065,-13.319397,2.063553,4.4078617,8.513688,1423808721732878797
-7.7150917,-19.39532,4.9034777,-2.995407,-2.1464233,4.298111,17.399597,-38.75885,-15.59906,2.4130561,4.044253,8.601835,1423808721743102185
-6.2152967,-19.195932,6.965191,-3.0562897,-1.986206,4.6196136,17.399597,-38.75885,-15.59906,2.7659624,3.6335685,8.678537,1423808721753020398
-4.7621136,-18.596115,9.388137,-3.0178375,-1.8227844,4.8674164,15.478516,-37.919617,-17.878723,3.0907593,3.1988103,8.739863,1423808721763274305
-3.4949102,-17.683493,12.056534,-2.9185028,-1.5835266,5.038315,15.478516,-37.919617,-17.878723,3.4017506,2.7239032,8.785149,1423808721773162000
-2.9699342,-17.390604,16.053505,-2.791397,-1.253479,5.208145,13.018799,-36.65924,-20.219421,3.8882985,1.7469804,8.831737,1423808721783385389
-2.9699342,-17.390604,16.053505,-2.633316,-0.9714966,5.4324493,13.018799,-36.65924,-20.219421,3.8882985,1.7469804,8.831737,1423808721793303601
-2.6915345,-16.809425,17.325546,-2.475235,-0.6991272,5.709091,10.319519,-35.279846,-22.31903,4.053398,1.2558194,8.841,1423808721803557508
-1.5547528,-16.49802,19.00501,-2.3812408,-0.27401733,5.9633026,10.319519,-35.279846,-22.31903,4.1744814,0.74689317,8.8422985,1423808721813445203
-0.2880931,-16.14445,20.1438,-2.2765656,0.13613892,6.1566315,7.499695,-33.779907,-24.41864,4.2337728,0.2516462,8.842072,1423808721823699109
0.85497904,-15.437979,20.451965,-2.0255585,0.2397461,6.281601,7.499695,-33.779907,-24.41864,4.229309,-0.25943825,8.843983,1423808721833586805
1.2207227,-15.011666,20.742188,-1.603653,0.049621582,6.439682,4.499817,-32.159424,-26.519775,4.170858,-0.7396744,8.844615,1423808721843871228
2.318386,-14.879652,21.423326,-1.0685272,-0.24304199,6.633011,4.499817,-32.159424,-26.519775,4.083789,-1.2051148,8.834068,1423808721853758924
3.6660662,-14.565958,22.299269,-0.5462189,-0.40005493,6.8615875,1.4389038,-30.358887,-28.199768,3.9912405,-1.6085953,8.812083,1423808721864012830
6.1745033,-13.598793,23.267122,-0.10508728,-0.2793579,7.015396,1.4389038,-30.358887,-28.199768,3.8895357,-1.9736041,8.783324,1423808721873900525
8.053424,-12.660662,23.155014,0.47703552,0.36791992,7.124344,-1.499939,-28.559875,-29.458618,3.7692676,-2.2792342,8.761741,1423808721884123914
10.585455,-11.472621,23.541454,0.6938629,0.67233276,7.0816193,-1.499939,-28.559875,-29.458618,3.5917432,-2.5388856,8.76492,1423808721894011609
12.179515,-10.685726,22.737171,1.0719757,0.75671387,7.0271454,-4.499817,-26.879883,-30.178833,3.3659213,-2.7409084,8.793655,1423808721904265515
13.712454,-9.5786915,22.633284,1.686142,0.59542847,6.8626556,-4.499817,-26.879883,-30.178833,3.1059546,-2.9005954,8.837985,1423808721914153211
15.993438,-8.33955,22.417488,2.3611908,0.44161987,6.6191254,-7.1395874,-24.958801,-30.718994,2.8586843,-2.9859836,8.892818,1423808721924437635
17.712729,-7.6851416,21.448015,2.8856354,0.48007202,6.3061676,-7.1395874,-24.958801,-30.718994,2.6215734,-2.9900506,8.964226,1423808721934325330
19.022224,-6.793818,19.490795,3.0618744,0.8015747,5.957962,-9.719849,-23.2193,-30.899048,2.413731,-2.9165542,9.046436,1423808721944579236
20.202663,-5.8346577,16.934967,3.0511932,1.3783569,5.594803,-9.719849,-23.2193,-30.899048,2.200422,-2.7843258,9.141994,1423808721954466932
21.424244,-5.3290534,16.191467,3.0907135,1.8782349,5.161148,-12.239075,-21.659851,-30.778503,1.9773262,-2.627168,9.23897,1423808721964690320
22.629906,-4.3757896,15.482538,3.2787018,2.0672913,4.7477875,-12.239075,-21.659851,-30.778503,1.7178061,-2.439283,9.341811,1423808721974578015
22.527617,-4.135559,13.879563,3.5724335,1.9476624,4.38356,-14.4592285,-20.039368,-30.479431,1.457036,-2.2254248,9.439011,1423808721984862439
22.115236,-4.062668,11.906347,3.8063507,1.79599,4.0716705,-14.4592285,-20.039368,-30.479431,1.1996193,-1.9598349,9.533643,1423808721994750135
21.840832,-4.36599,10.097921,3.9815216,1.7917175,3.7288055,-16.499329,-18.899536,-29.99878,0.9846183,-1.6641073,9.614139,1423808722004973523
22.475834,-3.3232946,7.94594,4.1182404,1.8536682,3.3133087,-16.499329,-18.899536,-29.99878,0.7880877,-1.3224299,9.685065,1423808722014861219
22.210514,-2.828208,5.9777317,4.197281,1.9081421,2.851883,-18.23883,-18.058777,-29.519653,0.6142835,-0.96487707,9.739716,1423808722025115125
21.578854,-2.5311837,3.2387962,4.2410736,1.8216248,2.3840485,-18.23883,-18.058777,-29.519653,0.4422354,-0.572851,9.779911,1423808722035033338
19.429361,-2.097796,-0.44586658,4.2752533,1.6047974,1.9119415,-19.558716,-17.219543,-29.219055,0.158672,0.23653574,9.802513,1423808722045256726
19.429361,-2.097796,-0.44586658,4.2677765,1.3367004,1.5007172,-19.558716,-17.219543,-29.219055,0.158672,0.23653574,9.802513,1423808722055174939
18.780273,-2.1076505,-2.0551481,4.22612,1.0216064,1.1364899,-20.579529,-16.738892,-28.979492,0.061463468,0.6444218,9.785261,1423808722065398328
18.602293,-2.0157137,-2.6528187,4.2218475,0.6894226,0.75730896,-20.579529,-16.738892,-28.979492,-0.0062354845,1.063893,9.748768,1423808722075286023
17.9308,-2.1987984,-2.7201967,4.2699127,0.40423584,0.38667297,-21.479797,-16.918945,-28.318787,-0.038638774,1.4661885,9.696349,1423808722085539930
17.25572,-2.6173306,-3.0152693,4.326523,0.18313599,0.018173218,-21.479797,-16.918945,-28.318787,-0.045821395,1.8827401,9.624115,1423808722095458142
16.625858,-2.7273266,-4.4612284,4.320114,-0.039031982,-0.37702942,-21.71936,-17.399597,-27.719116,-0.033005312,2.2878482,9.535987,1423808722105681531
15.496301,-3.1190455,-5.835785,4.2592316,-0.26867676,-0.7540741,-21.71936,-17.399597,-27.719116,-0.009775632,2.7039568,9.4265,1423808722115599744
13.2263155,-4.4154344,-7.836832,4.1919403,-0.54211426,-1.105484,-21.418762,-18.418884,-27.178955,0.05930288,3.495944,9.162164,1423808722125823133
13.2263155,-4.4154344,-7.836832,4.132126,-0.88497925,-1.4034882,-21.418762,-18.418884,-27.178955,0.05930288,3.495944,9.162164,1423808722135741346
12.417846,-5.047401,-8.364642,4.0915375,-1.2460022,-1.7121735,-21.299744,-19.979858,-26.579285,0.10749658,3.8686917,9.010663,1423808722145934217
11.508782,-5.5104,-8.7056265,4.031723,-1.540802,-2.0475616,-21.299744,-19.979858,-26.579285,0.16817375,4.2414494,8.840374,1423808722155852430
10.28193,-6.4353013,-9.271152,3.8693695,-1.6636353,-2.3605194,-20.878601,-21.71936,-25.379944,0.2323865,4.5935316,8.661169,1423808722166106336
8.699757,-7.5555425,-10.331564,3.5553436,-1.6048889,-2.615799,-20.878601,-21.71936,-25.379944,0.28798002,4.941749,8.465611,1423808722175994031
5.5811157,-9.335579,-13.283605,3.1676178,-1.578186,-2.7685394,-20.399475,-23.75946,-23.939514,0.3172659,5.5406933,8.085199,1423808722186247937
5.5811157,-9.335579,-13.283605,2.8397064,-1.8088989,-2.8785553,-20.399475,-23.75946,-23.939514,0.3172659,5.5406933,8.085199,1423808722196166150
4.018717,-9.806728,-13.846033,2.6271515,-2.2671204,-2.9362335,-19.67926,-26.278687,-21.958923,0.30524328,5.7860584,7.9119368,1423808722206389539
2.6587088,-10.416607,-13.436684,2.5096588,-2.8065186,-2.9394379,-19.67926,-26.278687,-21.958923,0.30176285,6.0112696,7.742349,1423808722216307752
1.9393387,-10.793733,-12.977318,2.3088531,-3.1333618,-2.9447784,-18.838501,-28.73993,-19.799805,0.32302526,6.2124286,7.581014,1423808722226531140
0.8028203,-11.24389,-12.440821,1.8591766,-2.9571228,-2.9362335,-18.838501,-28.73993,-19.799805,0.3646813,6.4034104,7.4184723,1423808722236449353
-0.41746998,-11.898544,-12.582469,1.2428741,-2.5117188,-2.8614655,-17.759705,-31.019592,-17.518616,0.3983569,6.5625615,7.276296,1423808722246672742
-1.5872711,-12.359564,-12.767796,0.6351166,-2.115448,-2.7311554,-17.759705,-31.019592,-17.518616,0.4021049,6.685539,7.1632586,1423808722256590955
-2.5395272,-12.392744,-13.140736,0.15873718,-1.9509583,-2.5752106,-16.679382,-33.299255,-15.299988,0.3751306,6.760813,7.0937343,1423808722266783826
-3.2930012,-12.29026,-12.883824,-0.13072205,-2.0556335,-2.3957672,-16.679382,-33.299255,-15.299988,0.33230263,6.797415,7.0608153,1423808722276732557
-3.9713144,-12.594804,-12.240141,-0.21723938,-2.4145203,-2.1970978,-15.59906,-35.398865,-13.259888,0.2967447,6.8037457,7.0563,1423808722286955945
-4.5389495,-12.824879,-11.813459,-0.17771912,-2.9528503,-1.9866791,-15.59906,-35.398865,-13.259888,0.28894138,6.794682,7.065352,1423808722296843640
-5.389264,-13.483898,-11.242039,-0.18305969,-3.4815674,-1.7762604,-14.219666,-37.1994,-10.978699,0.41755527,6.772206,7.0804844,1423808722307097547
-5.389264,-13.483898,-11.242039,-0.39027405,-3.7165527,-1.5626373,-14.219666,-37.1994,-10.978699,0.41755527,6.772206,7.0804844,1423808722317015760
-6.190891,-14.145275,-10.116213,-0.78334045,-3.588379,-1.3297882,-13.079834,-38.819885,-9.059143,0.54610837,6.7528815,7.0901866,1423808722327208631
-7.2457867,-14.739161,-8.660919,-1.2127228,-3.2893066,-1.0542145,-13.079834,-38.819885,-9.059143,0.6971298,6.710057,7.117551,1423808722337126844
-8.751764,-15.5699215,-7.4566107,-1.5737457,-2.9880981,-0.707077,-11.938477,-39.839172,-7.4386597,0.8447956,6.636878,7.169976,1423808722347350232
-8.751764,-15.5699215,-7.4566107,-1.7980499,-2.820404,-0.27449036,-11.938477,-39.839172,-7.4386597,0.8447956,6.636878,7.169976,1423808722357298963
-8.751764,-15.5699215,-7.4566107,-1.8290253,-2.9240112,0.23179626,-10.919189,-40.499878,-6.478882,0.8447956,6.636878,7.169976,1423808722367522351
-11.1640625,-16.87316,-5.7251034,-1.7147369,-3.302124,0.77119446,-10.919189,-40.499878,-6.478882,1.1531821,6.3946915,7.344962,1423808722377440564
-10.756187,-17.461895,-5.399096,-1.5886993,-3.8244324,1.2988434,-10.198975,-40.73944,-5.819702,1.3498013,6.241062,7.4429536,1423808722387694471
-10.99887,-17.276493,-5.4492135,-1.6324921,-4.1961365,1.7559967,-10.198975,-40.73944,-5.819702,1.5930446,6.0856357,7.5231404,1423808722397582166
-8.081024,-17.356901,-3.0836587,-1.9091339,-4.119232,2.1341095,-10.198975,-40.73944,-5.819702,1.922092,5.918937,7.5790586,1423808722407805555
-8.458474,-17.160078,-3.0831175,-2.2754974,-3.625763,2.4150238,-9.779358,-40.979004,-5.3390503,2.3013313,5.746392,7.606132,1423808722417693250
-6.41658,-16.11473,3.3311825,-2.5233002,-3.013733,2.6243744,-9.779358,-40.618896,-5.279541,3.1389043,5.285001,7.641102,1423808722427947156
-6.3427725,-16.034155,5.496346,-2.577774,-2.5544434,2.8379974,-9.779358,-40.618896,-5.279541,3.5265708,4.9805374,7.6764536,1423808722437834851
-6.5765023,-16.114809,6.6669636,-2.4912567,-2.3055725,3.0890045,-10.379028,-39.89868,-5.1589966,3.8615634,4.654222,7.7199054,1423808722448088758
-6.5208898,-16.204071,6.8543963,-2.429306,-2.172058,3.3677826,-10.379028,-39.89868,-5.1589966,4.1836953,4.2971587,7.758963,1423808722457976453
-6.4558916,-16.065023,7.441325,-2.429306,-2.051361,3.6508331,-11.399841,-38.938904,-5.3985596,4.4795094,3.934951,7.785919,1423808722468199842
-5.8463745,-15.2605505,9.049974,-2.4346466,-1.9199829,3.873001,-11.399841,-38.938904,-5.3985596,4.773607,3.5402203,7.8006353,1423808722478118055
-5.5571637,-14.683771,15.00458,-2.3684235,-1.7063599,4.0641937,-12.779236,-37.799072,-5.819702,5.288649,2.6918535,7.8073363,1423808722488371961
-5.5571637,-14.683771,15.00458,-2.20607,-1.4030151,4.2852936,-12.779236,-37.799072,-5.819702,5.288649,2.6918535,7.8073363,1423808722498320691
-5.726991,-15.456628,16.66778,-2.0330353,-1.0419922,4.575821,-14.518738,-36.358643,-6.239319,5.493523,2.249444,7.805869,1423808722508513562
-5.7086005,-16.314459,17.035042,-1.9176788,-0.69485474,4.9261627,-14.518738,-36.358643,-6.239319,5.6622367,1.7861811,7.805064,1423808722518401258
-4.8141947,-16.498579,17.01519,-1.8834991,-0.3829651,5.2562103,-16.679382,-34.55963,-6.3598633,5.782623,1.3217896,7.8092594,1423808722528655164
-4.6912446,-15.83959,17.409472,-1.8856354,-0.11380005,5.6418,-16.679382,-34.55963,-6.3598633,5.860907,0.82459325,7.8192196,1423808722538542859
-4.1879306,-15.226601,18.36493,-1.761734,-0.059326172,6.10643,-19.1391,-32.458496,-6.6589355,5.8884377,0.32339656,7.8353114,1423808722548796765
-2.0279493,-14.676378,20.069141,-1.4135284,-0.18963623,6.512314,-19.1391,-32.458496,-6.6589355,5.8768454,-0.2135285,7.847769,1423808722558684461
1.1231666,-13.494814,22.484577,-0.8410187,-0.33596802,6.745163,-21.539307,-29.818726,-7.019043,5.8358116,-0.7321657,7.8471413,1423808722568938367
3.9866233,-12.658371,24.343456,-0.16062927,-0.3701477,6.8231354,-21.539307,-29.818726,-7.019043,5.7698474,-1.2411711,7.8319054,1423808722578826062
5.4721904,-12.574089,24.333961,0.4620819,-0.3701477,6.9096527,-24.179077,-26.998901,-7.319641,5.679491,-1.6841385,7.815206,1423808722589079969
6.019743,-12.655201,23.293217,0.88505554,-0.3060608,7.182022,-24.179077,-26.998901,-7.319641,5.5574083,-2.0853481,7.8062105,1423808722598998182
7.9892864,-12.067784,23.902916,1.2193756,-0.117004395,7.5857697,-26.818848,-23.519897,-7.499695,5.4086285,-2.4293559,7.8112326,1423808722609252088
13.205994,-10.234831,26.108856,1.6391449,0.21838379,7.7865753,-26.818848,-23.519897,-7.499695,5.218832,-2.750907,7.8336897,1423808722619139783
19.266563,-7.6334248,27.242678,2.0493011,0.75457764,7.6124725,-29.3396,-19.67926,-7.559204,4.995499,-3.0214248,7.87949,1423808722629393689
24.753454,-4.5896626,26.456762,2.4306183,1.286499,7.0111237,-29.3396,-19.67926,-7.559204,4.720645,-3.2400975,7.9616375,1423808722639311902
27.555483,-1.9308655,24.236326,2.7820282,1.6282959,6.141678,-31.739807,-15.359497,-7.6187134,4.4213734,-3.3739188,8.077036,1423808722649535291
27.517544,-0.8605621,21.49462,3.040512,1.8162842,5.297867,-31.739807,-15.359497,-7.6187134,4.097326,-3.4247966,8.225149,1423808722659392469
25.291996,-1.5838778,18.830631,3.2295685,1.8803711,4.714676,-33.779907,-10.919189,-8.039856,3.7905414,-3.3954086,8.382922,1423808722669676892
23.777637,-2.632121,17.413883,3.447464,1.9188232,4.34404,-33.779907,-10.919189,-8.039856,3.4830594,-3.301092,8.5522785,1423808722679534070
23.608023,-3.554826,16.744984,3.7038116,2.0160217,4.031082,-35.51941,-6.3598633,-8.758545,3.205461,-3.1607335,8.7123575,1423808722689818494
23.698841,-4.6845345,15.031655,3.9420013,2.101471,3.734146,-35.51941,-6.3598633,-8.758545,2.9257789,-2.9687755,8.876743,1423808722699706189
23.863012,-5.243353,12.989855,4.124649,2.1228333,3.4297333,-36.839294,-1.6799927,-9.658813,2.6675844,-2.7405257,9.030167,1423808722709960096
24.092735,-5.270226,11.4821,4.2400055,2.139923,3.0697784,-36.839294,-1.6799927,-9.658813,2.410577,-2.4625547,9.181249,1423808722719878308
23.847857,-5.4293933,10.028914,4.3051605,2.2072144,2.7087555,-37.739563,2.3986816,-11.039734,2.1784723,-2.1602874,9.314387,1423808722730101697
23.129936,-5.6321354,8.333168,4.3874054,2.213623,2.3733673,-37.739563,2.3986816,-11.039734,1.9495461,-1.8217154,9.436685,1423808722740019910
22.342476,-5.7735066,6.8864555,4.561508,2.0875854,2.08284,-38.15918,6.1187744,-12.719727,1.7389921,-1.4708178,9.5385,1423808722750243299
21.35043,-6.1090403,4.9708395,4.755905,1.8835754,1.8371735,-38.15918,6.1187744,-12.719727,1.5376246,-1.0835955,9.624548,1423808722760130994
21.1799,-5.8409996,2.936575,4.847763,1.7479248,1.5615997,-37.678528,8.999634,-14.99939,1.3709692,-0.6807198,9.686458,1423808722770354383
21.16677,-5.3595552,0.32505035,4.782608,1.6806335,1.2016449,-37.678528,8.999634,-14.99939,1.2241349,-0.23986737,9.726991,1423808722780272596
20.894346,-5.117857,-2.110345,4.615982,1.5610046,0.78401184,-37.078857,11.039734,-17.759705,1.1010007,0.19680123,9.742661,1423808722790526502
19.663555,-5.3677263,-4.0495663,4.4450836,1.3067932,0.396286,-37.078857,11.039734,-17.759705,0.98491794,0.6432169,9.735841,1423808722800414197
18.502386,-5.3993144,-5.1290264,4.346817,0.9073181,0.037399292,-36.11908,11.938477,-20.518494,0.89250624,1.0619038,9.708047,1423808722810668103
17.232994,-5.943964,-5.417678,4.3532257,0.4234619,-0.2766266,-36.11908,11.938477,-20.518494,0.8240334,1.4848291,9.658501,1423808722820555799
16.47052,-6.167778,-5.2513313,4.3980865,0.04321289,-0.6088104,-35.038757,12.11853,-23.399353,0.79633415,1.8882838,9.590132,1423808722830809705
15.786968,-6.666156,-5.832329,4.3617706,-0.14050293,-0.95274353,-35.038757,12.11853,-23.399353,0.80088335,2.308523,9.497352,1423808722840666883
14.487497,-7.16243,-6.90028,4.2100983,-0.19284058,-1.253952,-34.13849,11.099243,-26.039124,0.8209202,2.7110846,9.388637,1423808722850920789
13.374716,-7.4095936,-7.9849615,3.967636,-0.1736145,-1.5348663,-34.13849,11.099243,-26.039124,0.8372301,3.1198459,9.259373,1423808722860808484
12.072465,-8.022924,-9.047799,3.6813812,-0.13195801,-1.7655792,-33.17871,9.118652,-28.318787,0.83934146,3.4931154,9.124913,1423808722871062390
12.072465,-8.022924,-9.047799,3.4325104,-0.18429565,-1.9386139,-33.17871,9.118652,-28.318787,0.83934146,3.4931154,9.124913,1423808722880950086
10.853708,-8.642676,-9.9556055,3.3064728,-0.42996216,-2.0731964,-32.339478,6.7199707,-30.239868,0.8204283,3.8528266,8.980702,1423808722891203992
9.59404,-9.028531,-10.41739,3.307541,-0.8465271,-2.207779,-32.339478,6.7199707,-30.239868,0.787132,4.1723204,8.839828,1423808722901122205
8.607604,-9.306639,-10.744398,3.3620148,-1.3036804,-2.3498383,-31.259155,3.479004,-31.559753,0.7499637,4.483113,8.689629,1423808722911345594
7.6919575,-9.604967,-11.072218,3.290451,-1.5365295,-2.5367584,-31.259155,3.479004,-31.559753,0.7281565,4.7740545,8.535138,1423808722921233289
6.942922,-9.565481,-11.568549,2.946518,-1.3934021,-2.7300873,-30.839539,-0.059509277,-32.159424,0.72663736,5.073006,8.36104,1423808722931487195
3.5523481,-10.73061,-15.399329,1.9232635,-0.9512024,-2.9533234,-30.839539,-0.059509277,-32.159424,0.7213144,5.6344857,7.9939146,1423808722951628797
3.6091342,-10.955622,-15.183619,1.4949493,-1.021698,-2.9191437,-30.839539,-0.059509277,-32.159424,0.67274976,5.86331,7.831947,1423808722961516492
-1.198996,-11.745455,-15.42091,0.75260925,-2.7253418,-2.3925629,-30.839539,-0.059509277,-32.159424,0.39320493,6.3165083,7.4911613,1423808722991942517
-1.198996,-11.745455,-15.42091,0.47169495,-2.7958374,-2.2900238,-30.839539,-0.059509277,-32.159424,0.39320493,6.3165083,7.4911613,1423808723001799695
-1.8981562,-11.799111,-13.65815,0.16514587,-2.764862,-2.1404877,-28.799438,-14.6987915,-29.93927,0.33738714,6.4813604,7.3517704,1423808723012053601
-1.8981562,-11.799111,-13.65815,-0.05809021,-2.8139954,-1.9546356,-28.799438,-14.6987915,-29.93927,0.33738714,6.4813604,7.3517704,1423808723021941297
-1.8981562,-11.799111,-13.65815,-0.22898865,-2.875946,-1.7388763,-28.799438,-14.6987915,-29.93927,0.33738714,6.4813604,7.3517704,1423808723032195203
-1.9461896,-11.823538,-13.573519,-0.6092377,-3.1792908,-1.2005463,-28.799438,-14.6987915,-29.93927,0.38373047,6.532147,7.3043957,1423808723052336805
-5.6250753,-12.75668,-11.373014,-0.7940216,-3.5039978,-0.90574646,-28.799438,-14.6987915,-29.93927,0.48787498,6.568538,7.265444,1423808723062224500
-5.7037253,-12.721994,-11.340323,-0.68400574,-5.4757385,0.71351624,-27.95868,-20.339966,-26.638794,0.5643293,6.563112,7.2648115,1423808723102538221
-7.4425306,-13.971302,-8.786816,-0.5974884,-5.6316833,0.95170593,-28.019714,-23.939514,-22.918701,1.1692021,6.398188,7.3393826,1423808723112761609
-7.4425306,-13.971302,-8.786816,-0.5910797,-5.528076,1.0617218,-28.019714,-23.939514,-22.918701,1.1692021,6.398188,7.3393826,1423808723122679822
-4.8501706,-13.775873,1.5223994,-0.7598419,-5.0655823,1.2144623,-28.678894,-24.659729,-20.698547,1.8076347,6.2421002,7.3443193,1423808723132903211
-4.8501706,-13.775873,1.5223994,-1.0503693,-4.3819885,1.4911041,-28.678894,-24.659729,-20.698547,1.8076347,6.2421002,7.3443193,1423808723142790906
-11.693178,-17.743517,8.3386,-2.1270294,-1.1658936,4.2115936,-28.678894,-24.659729,-20.698547,3.940211,5.725484,6.918378,1423808723193358533
-12.369782,-17.293457,8.46568,-2.114212,-0.8251648,4.502121,-28.678894,-24.659729,-20.698547,4.6236887,5.3101087,6.826027,1423808723203215711
-12.369782,-17.293457,8.46568,-1.993515,-0.56240845,4.640976,-33.718872,-21.11969,-6.8389893,4.6236887,5.3101087,6.826027,1423808723213500135
-5.2256613,-15.656203,15.261661,-1.6955109,-0.48764038,4.7285614,-33.718872,-21.11969,-6.8389893,4.9354405,5.0088315,6.835454,1423808723223357312
-5.2256613,-15.656203,15.261661,-0.90190125,1.4403076,6.57106,-33.718872,-21.11969,-6.8389893,4.9354405,5.0088315,6.835454,1423808723283782117
-0.71677923,-18.167887,22.44524,-0.8057709,1.7692871,6.8615875,-33.718872,-21.11969,-6.8389893,5.9203,3.3612654,7.058493,1423808723294097058
-0.71677923,-18.167887,22.44524,-0.64982605,1.6069336,7.0260773,-33.718872,-21.11969,-6.8389893,5.9203,3.3612654,7.058493,1423808723303923719
-1.2426591,-16.794796,22.267448,-0.41163635,1.2085266,7.099777,-33.718872,-21.11969,-6.8389893,6.381954,1.999188,7.1724677,1423808723314177625
-1.2426591,-16.794796,22.267448,-0.017501831,0.8090515,7.012192,-33.718872,-21.11969,-6.8389893,6.381954,1.999188,7.1724677,1423808723324126355
-1.392724,-16.316923,22.241127,0.4887848,0.6274719,6.744095,-33.718872,-21.11969,-6.8389893,6.507189,1.5300527,7.1753616,1423808723334319226
13.952814,-9.590743,22.237309,1.5718536,1.5652771,6.3884125,-39.05945,0.5996704,2.999878,4.75789,-3.114018,7.9897285,1423808723364318006
14.974803,-9.543044,20.6314,1.8271332,1.8760986,6.363846,-38.578796,10.798645,2.999878,4.4091024,-3.279165,8.12264,1423808723374541394
16.42637,-9.000794,19.732704,2.2084503,1.7874451,6.3446198,-38.578796,10.798645,2.999878,4.056626,-3.3867288,8.261007,1423808723384459607
18.841816,-8.373653,19.23499,2.6570587,1.5471191,6.2944183,-37.919617,15.9591675,2.1591187,3.7064323,-3.4329531,8.405211,1423808723394682996
18.841816,-8.373653,19.23499,3.0800323,1.4381714,6.171585,-37.919617,15.9591675,2.1591187,3.7064323,-3.4329531,8.405211,1423808723404570691
21.589512,-7.163206,19.041626,3.522232,1.4392395,5.931259,-36.779785,20.639038,0.8987427,3.3897545,-3.4102802,8.546926,1423808723414824598
24.487822,-5.66161,18.446669,4.012497,1.5065308,5.529648,-36.779785,20.639038,0.8987427,3.0798335,-3.315704,8.700064,1423808723424742810
27.027899,-4.6238194,16.806187,4.439743,1.6881104,4.9069366,-34.739685,25.2594,-1.1993408,2.8015585,-3.1508212,8.854037,1423808723434966199
27.801474,-4.570805,13.594464,4.6277313,2.0256348,4.188095,-34.739685,25.2594,-1.1993408,2.5315235,-2.9066224,9.017389,1423808723444853894
26.341656,-5.1825457,9.380611,4.6202545,2.2659607,3.548294,-32.57904,29.219055,-3.8391113,2.2792997,-2.6122282,9.173409,1423808723455107801
23.954248,-6.2576313,6.0910053,4.549759,2.2275085,3.0761871,-32.57904,29.219055,-3.8391113,2.0156562,-2.2702477,9.324885,1423808723465026014
21.96489,-7.313896,3.8682442,4.474991,2.009613,2.7920685,-30.059814,32.398987,-7.319641,1.7736633,-1.9209127,9.451698,1423808723475249402
21.429281,-7.303006,3.912324,4.483536,1.8461914,2.556015,-30.059814,32.398987,-7.319641,1.5519325,-1.5482434,9.5584955,1423808723485167615
21.694017,-6.4106655,4.3049736,4.6117096,1.7468567,2.2441254,-27.23999,34.498596,-11.099243,1.370579,-1.1745614,9.639103,1423808723495391004
21.93,-5.580498,3.1567383,4.752701,1.6678162,1.8296967,-27.23999,34.498596,-11.099243,1.2088958,-0.7695312,9.701381,1423808723505309217
21.839178,-5.1872253,1.2277069,4.8498993,1.5716858,1.3522491,-24.238586,35.879517,-15.238953,1.0743599,-0.35345778,9.741211,1423808723515532605
20.311096,-5.6849203,-1.0492649,4.8787384,1.4360352,0.9132538,-24.238586,35.879517,-15.238953,0.9504476,0.09527312,9.760018,1423808723525450818
18.615295,-6.174288,-2.9838371,4.8349457,1.2875671,0.5650482,-21.539307,36.05957,-19.73877,0.84638304,0.5421082,9.755006,1423808723535674207
17.36902,-6.3331537,-4.9517584,4.7121124,1.1337585,0.26597595,-21.539307,36.05957,-19.73877,0.75318944,1.006519,9.7257395,1423808723545592420
16.683884,-6.195998,-6.6681156,4.504898,0.9820862,-0.033096313,-18.838501,35.21881,-24.41864,0.67808735,1.4512597,9.674938,1423808723555815808
15.881957,-5.9590225,-7.5934563,4.263504,0.8581848,-0.33110046,-18.838501,35.21881,-24.41864,0.61127824,1.8948284,9.602414,1423808723565734021
14.8769865,-5.9086356,-8.106175,4.060562,0.70651245,-0.5981293,-16.259766,33.599854,-28.979492,0.55421054,2.3030672,9.516255,1423808723575926892
13.786289,-5.787116,-8.49488,3.937729,0.4576416,-0.8256378,-16.259766,33.599854,-28.979492,0.4990875,2.7000573,9.414403,1423808723585875623
13.289834,-5.607397,-8.872453,3.8811188,0.109436035,-1.087326,-14.099121,31.079102,-33.1192,0.4558863,3.070191,9.302499,1423808723596068494
12.970133,-5.4684772,-9.075075,3.8202362,-0.215271,-1.4077606,-14.099121,31.079102,-33.1192,0.42855275,3.4382668,9.174151,1423808723606017224
12.531303,-5.7065825,-9.592358,3.6845856,-0.42141724,-1.7645111,-12.298584,28.019714,-36.95984,0.4188834,3.7885916,9.035568,1423808723616210096
11.547026,-6.483662,-10.137679,3.4634857,-0.5239563,-2.1031036,-12.298584,28.019714,-36.95984,0.41267157,4.1339784,8.883147,1423808723626158826
10.02356,-7.1965594,-10.505771,3.2124786,-0.5891113,-2.36586,-10.919189,24.539185,-40.078735,0.3971463,4.4507184,8.729477,1423808723636351697
8.036855,-8.201876,-10.759598,3.0009918,-0.70874023,-2.4983063,-10.919189,24.539185,-40.078735,0.36301532,4.748888,8.572436,1423808723646300428
6.4033384,-8.9795,-11.246527,2.8706818,-0.9885864,-2.543167,-10.258484,20.819092,-42.359924,0.31747764,5.0149713,8.421381,1423808723656493299
5.541752,-9.148533,-11.572568,2.8097992,-1.4243774,-2.5858917,-10.258484,20.819092,-42.359924,0.27317518,5.268215,8.266902,1423808723666442029
4.821811,-9.517381,-11.610285,2.7542572,-1.8516235,-2.6478424,-10.198975,16.918945,-44.099426,0.24758987,5.502275,8.113819,1423808723676634900
3.995694,-9.887966,-11.422631,2.595108,-2.058838,-2.7236786,-10.198975,16.918945,-44.099426,0.24324921,5.7321987,7.9531827,1423808723686583631
3.1089363,-10.498432,-11.936899,2.3141937,-2.1111755,-2.7802887,-10.198975,13.139343,-45.71991,0.24950336,5.944138,7.7958555,1423808723696776502
2.1812174,-10.801119,-12.538009,1.9788055,-2.1410828,-2.8326263,-10.198975,13.139343,-45.71991,0.25095168,6.1408877,7.6417875,1423808723706725232
1.2579701,-11.076739,-12.948617,1.6006927,-2.152832,-2.858261,-10.618591,9.47876,-46.31958,0.24198748,6.3069587,7.5056047,1423808723716918103
0.34530416,-11.510731,-12.603445,1.2236481,-2.1271973,-2.8454437,-10.618591,9.47876,-46.31958,0.22231668,6.4465084,7.38671,1423808723726866834
-0.74337506,-12.089018,-12.394759,0.8455353,-2.0802002,-2.7770844,-11.51886,6.298828,-46.739197,0.19374101,6.5521746,7.2939606,1423808723737090223
-2.0254061,-12.68534,-12.466787,0.4962616,-2.1079712,-2.6307526,-11.51886,6.298828,-46.739197,0.15677154,6.6303253,7.2238903,1423808723747038953
-3.1368153,-13.063216,-12.300291,0.23243713,-2.2788696,-2.4203339,-12.658691,3.2989502,-46.798706,0.121287584,6.6782827,7.180266,1423808723757262342
-4.1285815,-13.264853,-11.535263,0.079696655,-2.5661926,-2.1511688,-12.658691,3.2989502,-46.798706,0.100231014,6.702946,7.157573,1423808723767150037
-4.761739,-13.431854,-10.551647,0.017745972,-2.9111938,-1.8403473,-13.978577,0.8987427,-46.31958,0.10939448,6.7103,7.1505446,1423808723777373426
-4.8739467,-13.3128,-9.9306,0.0017242432,-3.282898,-1.5370026,-13.978577,0.8987427,-46.31958,0.16192503,6.7099133,7.1499114,1423808723787291639
-4.843071,-12.793994,-8.904673,-0.09013367,-3.5574036,-1.2977448,-15.779114,-1.499939,-45.658875,0.40191323,6.7022433,7.1476426,1423808723797484510
-4.843071,-12.793994,-8.904673,-0.35075378,-3.5477905,-1.0798492,-15.779114,-1.499939,-45.658875,0.40191323,6.7022433,7.1476426,1423808723807433240
-5.338316,-13.091728,-7.7734795,-0.6946869,-3.3309631,-0.8373871,-17.459106,-2.999878,-44.81964,0.5650361,6.68398,7.153708,1423808723817687146
-6.1052465,-13.538866,-7.3364716,-1.0856171,-3.061798,-0.5564728,-17.459106,-2.999878,-44.81964,0.7408316,6.642855,7.1759343,1423808723827574842
-6.79181,-14.047237,-7.010883,-1.4808197,-2.828949,-0.24671936,-19.439697,-4.1992188,-43.859863,0.91062146,6.575334,7.218458,1423808723837828748
-6.727376,-14.245006,-6.3841143,-1.8311615,-2.6868896,0.03526306,-19.439697,-4.1992188,-43.859863,1.091726,6.473062,7.2854643,1423808723847716443
-6.844148,-14.184868,-4.875281,-2.068283,-2.5918274,0.2969513,-21.299744,-4.798889,-42.29889,1.2740633,6.341468,7.3710876,1423808723857939832
-6.9149585,-14.076952,-3.4508052,-2.2135468,-2.5170593,0.55329895,-21.299744,-4.798889,-42.29889,1.4746368,6.1764255,7.473125,1423808723867858045
-7.0026474,-13.741719,-2.1996322,-2.2851105,-2.4892883,0.8032379,-23.278809,-4.6188354,-40.859985,1.6806877,5.9937906,7.5776086,1423808723878050916
-7.3080792,-13.468088,-1.2064114,-2.3299713,-2.4935608,1.072403,-23.278809,-4.6188354,-40.859985,1.9056025,5.7890983,7.6828,1423808723887999646
-7.5007854,-13.614986,-0.1144228,-2.3662872,-2.5010376,1.3757477,-25.318909,-3.779602,-39.29901,2.1395378,5.5734477,7.7800674,1423808723898253553
-7.1089973,-13.915419,1.4777632,-2.3620148,-2.4412231,1.6769562,-25.318909,-3.779602,-39.29901,2.3988547,5.334425,7.8714542,1423808723908171765
-6.365614,-14.0898485,3.1819382,-2.326767,-2.3205261,1.9397125,-27.479553,-2.3391724,-37.438965,2.663383,5.0856304,7.9506693,1423808723918334119
-6.1000175,-13.887346,4.4176483,-2.3011322,-2.1506958,2.1714935,-27.479553,-2.3391724,-37.438965,2.9397168,4.8174796,8.019997,1423808723928282849
-6.321145,-13.289676,5.6081486,-2.3192902,-1.8922119,2.3861847,-29.519653,-0.47912598,-35.699463,3.2052038,4.5424285,8.078576,1423808723938506238
-6.7812924,-12.770634,6.077569,-2.4239655,-1.5856628,2.6072845,-29.519653,-0.47912598,-35.699463,3.4646046,4.246659,8.132207,1423808723948424451
-7.312231,-12.352728,6.6446533,-2.539322,-1.3132935,2.8636322,-31.259155,2.0996094,-33.599854,3.694365,3.9393845,8.1855545,1423808723958647840
-7.402939,-12.267556,8.895027,-2.5136871,-1.0996704,3.148819,-31.259155,2.0996094,-33.599854,3.9074247,3.595945,8.24449,1423808723968566053
-6.9286294,-12.169002,10.415875,-2.3791046,-0.95440674,3.4340057,-32.699585,4.8599243,-31.739807,4.0935936,3.2392218,8.3018265,1423808723978789441
-6.31777,-11.674642,11.200224,-2.2370453,-0.79312134,3.7085114,-32.699585,4.8599243,-31.739807,4.2691493,2.860456,8.352397,1423808723988707654
-5.467551,-10.81418,11.771981,-2.1152802,-0.61260986,3.9595184,-33.779907,8.1588745,-29.818726,4.4220047,2.486455,8.392485,1423808723998931043
-4.057385,-9.57871,12.489866,-2.0159454,-0.419281,4.1475067,-33.779907,8.1588745,-29.818726,4.5591793,2.097348,8.425283,1423808724008849256
-1.0894742,-7.9178166,14.795046,-1.9240875,-0.20993042,4.260727,-34.55963,11.938477,-27.778625,4.747996,1.3192862,8.478585,1423808724019072644
-1.0894742,-7.9178166,14.795046,-1.7777557,0.040008545,4.315201,-34.55963,11.938477,-27.778625,4.747996,1.3192862,8.478585,1423808724029021375
-0.4217558,-6.999534,16.245398,-1.5587921,0.34121704,4.355789,-35.038757,15.539551,-25.979614,4.7906346,0.9394548,8.505154,1423808724039275281
0.07802105,-5.921476,16.957335,-1.3216705,0.69262695,4.381424,-35.038757,15.539551,-25.979614,4.794287,0.56387895,8.536231,1423808724049193494
0.3842802,-5.0048723,16.598648,-1.11232,1.03656,4.392105,-35.038757,19.198608,-24.238586,4.754431,0.22099982,8.574202,1423808724059355848
0.23537683,-4.289563,15.643845,-0.8933563,1.2160034,4.4497833,-35.038757,19.198608,-24.238586,4.6688714,-0.106972136,8.623259,1423808724069274060
0.69904375,-3.8108778,14.598366,-0.65730286,1.2448425,4.5330963,-34.439087,22.799683,-22.859192,4.550058,-0.40499103,8.67775,1423808724079497449
3.03819,-2.7497458,13.401652,-0.43086243,1.2127991,4.6110687,-34.439087,22.799683,-22.859192,4.2577157,-0.9375996,8.784256,1423808724089415662
4.627002,-2.301042,13.699591,-0.081588745,1.3334961,4.5736847,-33.299255,25.85907,-21.479797,4.0909905,-1.160756,8.836676,1423808724099639051
4.627002,-2.301042,13.699591,0.045516968,1.4926453,4.4337616,-33.299255,25.85907,-21.479797,4.0909905,-1.160756,8.836676,1423808724109618299
5.696207,-1.5865347,13.565315,0.16621399,1.5780945,4.307724,-31.678772,28.979492,-20.819092,3.9092398,-1.343948,8.892808,1423808724119841687
5.720523,-1.01748,12.8629265,0.31040955,1.6005249,4.2361603,-31.678772,28.979492,-20.819092,3.7061694,-1.5049465,8.953761,1423808724129698865
5.897567,-1.2592052,12.652398,0.49305725,1.5513916,4.2361603,-29.87976,31.97937,-20.219421,3.500893,-1.6361158,9.013172,1423808724139952771
6.008382,-2.2436247,12.417806,0.73124695,1.4317627,4.305588,-29.87976,31.97937,-20.219421,3.283468,-1.7489055,9.073619,1423808724149840467
6.0310802,-2.632195,12.449019,0.9715729,1.3196106,4.380356,-27.479553,34.55963,-20.098877,3.0761783,-1.8310618,9.129881,1423808724160063855
7.4078507,-2.74965,12.336477,1.1809235,1.2832947,4.4230804,-27.479553,34.55963,-20.098877,2.6724377,-1.9115711,9.239824,1423808724169982068
8.414619,-2.8309093,12.212613,1.3774567,1.2897034,4.4027863,-25.318909,36.71875,-20.399475,2.4724343,-1.9092778,9.295812,1423808724180205457
8.414619,-2.8309093,12.212613,1.5622406,1.276886,4.335495,-25.318909,36.71875,-20.399475,2.4724343,-1.9092778,9.295812,1423808724190154187
9.044485,-2.6970768,11.494876,1.7320709,1.2854309,4.235092,-22.439575,38.339233,-21.11969,2.2812932,-1.8789843,9.350696,1423808724200438611
9.578472,-2.4833896,10.8084755,1.8559723,1.3367004,4.150711,-22.439575,38.339233,-21.11969,2.0879958,-1.8192109,9.407504,1423808724210265271
9.553088,-2.8179545,9.865787,1.9339447,1.4029236,4.1346893,-19.378662,39.239502,-22.079468,1.9059023,-1.7391515,9.461145,1423808724220488660
9.017078,-3.5060697,7.6123886,2.0001678,1.4082642,4.124008,-19.378662,39.239502,-22.079468,1.7139972,-1.6389794,9.515585,1423808724230406873
9.243611,-2.957848,6.851268,2.0557098,1.4039917,4.0545807,-16.139221,39.839172,-23.519897,1.5299946,-1.5254784,9.565689,1423808724240630262
9.321987,-2.521306,5.9428463,2.0824127,1.379425,3.9317474,-16.139221,39.839172,-23.519897,1.3454434,-1.3927292,9.613557,1423808724250548474
8.800852,-2.2739656,5.1631413,2.0877533,1.3623352,3.7843475,-12.658691,40.438843,-25.019836,1.0068423,-1.0932252,9.693375,1423808724260771863
8.800852,-2.2739656,5.1631413,2.1091156,1.3612671,3.6177216,-12.658691,40.438843,-25.019836,1.0068423,-1.0932252,9.693375,1423808724270690076
8.58544,-2.2126257,5.5519676,2.1358185,1.4424438,3.43721,-9.1796875,40.13977,-26.579285,0.85268575,-0.93104064,9.725044,1423808724280974500
8.384659,-2.3339322,5.6914997,2.2298126,1.582367,3.2481537,-9.1796875,40.13977,-26.579285,0.6954993,-0.75297,9.7529335,1423808724290862195
7.641756,-3.0851474,4.9363337,2.353714,1.6635437,3.0858002,-5.519104,39.419556,-28.439331,0.5404621,-0.57104164,9.775081,1423808724301085584
6.695896,-3.488779,2.982419,2.445572,1.6176147,2.962967,-5.519104,39.419556,-28.439331,0.3738789,-0.3665596,9.792663,1423808724310973279
5.5667663,-3.439189,1.2758064,2.5064545,1.4403076,2.8775177,-1.8585205,37.919617,-30.358887,0.21607207,-0.15274149,9.80308,1423808724321196668
4.8815117,-3.844848,0.27199554,2.5427704,1.2341614,2.8091583,-1.8585205,37.919617,-30.358887,0.06900185,0.08049296,9.806077,1423808724331114881
4.464428,-4.2645044,-0.42237854,2.5192719,1.0995789,2.7461395,1.8585205,35.998535,-32.159424,-0.04882731,0.31456363,9.801482,1423808724341307752
5.225405,-4.1185727,0.9399872,2.5609283,1.0718079,2.6371918,1.8585205,35.998535,-32.159424,-0.22451529,0.80067927,9.77133,1423808724351256482
5.225405,-4.1185727,0.9399872,2.6068573,1.1999817,2.482315,4.978943,33.779907,-33.718872,-0.22451529,0.80067927,9.77133,1423808724361449353
4.938088,-4.2634363,0.024868965,2.557724,1.3997192,2.3359833,4.978943,33.779907,-33.718872,-0.305442,1.0539656,9.745063,1423808724371398084
4.595607,-4.5392857,-0.7646313,2.4786835,1.5727539,2.2206268,7.978821,31.259155,-35.21881,-0.39561427,1.3013227,9.711871,1423808724381651990
3.8856018,-4.6909723,-1.672821,2.3750763,1.6838379,2.1447906,7.978821,31.259155,-35.21881,-0.50415355,1.5509952,9.67009,1423808724391570203
3.303859,-5.2202654,-4.68347,2.2159271,1.6208191,2.1180878,10.919189,28.439331,-36.358643,-0.6193654,1.7845436,9.623003,1423808724401793592
1.3389502,-5.3143044,-8.29524,1.8912201,1.1465759,2.1971283,10.919189,28.439331,-36.358643,-0.74062216,2.0153394,9.568713,1423808724411681287
4.422764,-4.6630554,-4.5978165,1.6647797,0.9553833,2.2291718,13.55896,25.2594,-37.379456,-0.86513793,2.3996844,9.469078,1423808724421904676
5.1638556,-3.956862,-2.1383448,1.4693146,0.9361572,2.0967255,13.55896,25.2594,-37.379456,-0.8910429,2.5577798,9.425189,1423808724431822889
5.1638556,-3.956862,-2.1383448,1.42659,0.9746094,1.8927155,15.9591675,22.138977,-38.09967,-0.8910429,2.5577798,9.425189,1423808724442046277
3.1039348,-4.9649134,-2.9776726,1.4575653,0.9126587,1.7656097,15.9591675,22.138977,-38.09967,-0.9538673,2.8486931,9.335174,1423808724451964490
2.4285173,-5.0551004,-2.3355637,1.4629059,0.78341675,1.7239532,18.179321,18.719482,-38.578796,-0.9787789,2.9952168,9.286606,1423808724462157361
2.6392336,-5.0562572,-1.2759485,1.4490204,0.77593994,1.7389069,18.179321,18.719482,-38.578796,-0.9934117,3.1362202,9.238379,1423808724472075574
2.7064824,-4.9801702,-1.5336418,1.4201813,0.94363403,1.7421112,19.799805,15.838623,-38.75885,-1.0129008,3.2798913,9.186225,1423808724482298963
2.5201528,-4.9263268,-2.0260553,1.362503,1.1294861,1.7378387,19.799805,15.838623,-38.75885,-1.045318,3.4152749,9.133104,1423808724492217176
2.545158,-4.8143682,-3.194931,1.3090973,1.2042542,1.7367706,21.1792,13.018799,-38.938904,-1.0883176,3.5509195,9.076174,1423808724502440564
2.5443168,-4.6937046,-3.741087,1.2311249,1.1209412,1.7506561,21.1792,13.018799,-38.938904,-1.1264887,3.6773162,9.021017,1423808724512358777
