-1.5182679,-1.2705975,-1.7715907,-0.13421631,0.04109192,-0.090408325,-14.819336,-19.918823,-45.17975,0.5385163,8.846223,4.198182,1423609717481130037
-1.2756574,-1.1919575,-1.1053867,-0.2388916,-0.06678772,-0.07865906,-14.819336,-19.918823,-45.17975,0.52875024,8.839454,4.213652,1423609717491139803
-0.7270136,-1.2869282,-0.37282515,-0.28375244,-0.15010071,-0.11177063,-14.878845,-19.979858,-45.298767,0.52331096,8.8285885,4.2370467,1423609717501302157
-0.79563427,-1.5658255,1.0001101,-0.30618286,-0.1426239,-0.2004242,-14.878845,-19.979858,-45.298767,0.5140191,8.815329,4.265695,1423609717511281405
-1.6073143,-2.439331,1.1311193,-0.27093506,-0.011245728,-0.318985,-14.819336,-19.73877,-45.359802,0.49049687,8.802096,4.295684,1423609717521443758
-2.4984772,-3.1846466,0.6285949,-0.23248291,0.17567444,-0.3969574,-14.819336,-19.73877,-45.359802,0.44985923,8.791143,4.322478,1423609717531423006
-3.096206,-3.7272396,-0.5720277,-0.22286987,0.3615265,-0.4322052,-14.6987915,-19.67926,-45.298767,0.39394814,8.781987,4.346481,1423609717541585360
-3.7917376,-4.4666224,-1.705668,-0.28588867,0.5025177,-0.44075012,-14.6987915,-19.67926,-45.298767,0.32803664,8.772296,4.3714523,1423609717551595125
-4.177678,-5.130659,-2.5054173,-0.400177,0.5666046,-0.42259216,-14.759827,-19.499207,-45.47882,0.25622088,8.758558,4.4036794,1423609717561726961
-4.4067082,-5.591381,-3.0744028,-0.5262146,0.51319885,-0.3905487,-14.759827,-19.499207,-45.47882,0.18668786,8.739538,4.444773,1423609717571675692
-4.9698715,-6.21842,-2.560618,-0.6522522,0.3700714,-0.3627777,-14.819336,-19.439697,-45.47882,0.12119918,8.712838,4.4991274,1423609717581868563
-5.972885,-6.8156977,-1.6878209,-0.76760864,0.26646423,-0.29335022,-14.819336,-19.439697,-45.47882,0.06411717,8.679414,4.564434,1423609717591817293
-5.972885,-6.8156977,-1.6878209,-0.84451294,0.23014832,-0.13420105,-14.639282,-19.439697,-45.71991,0.06411717,8.679414,4.564434,1423609717602040682
-6.1098557,-7.420372,0.10253191,-0.863739,0.2429657,0.08049011,-14.639282,-19.439697,-45.71991,-0.009902539,8.594395,4.722993,1423609717612019930
-5.7936087,-7.307006,0.29388666,-0.83703613,0.32948303,0.27809143,-14.518738,-19.07959,-45.83893,-0.022184897,8.548846,4.804906,1423609717622151766
-5.7936087,-7.307006,0.29388666,-0.8220825,0.48542786,0.46714783,-14.518738,-19.07959,-45.83893,-0.022184897,8.548846,4.804906,1423609717632344637
-5.338273,-7.2285175,-0.1900096,-0.82421875,0.5997162,0.64338684,-14.4592285,-18.47992,-46.139526,-0.022879573,8.503794,4.884195,1423609717642537508
-4.736153,-7.001504,-0.9530444,-0.84451294,0.5879669,0.79185486,-14.4592285,-18.47992,-46.139526,-0.013616054,8.459179,4.9610977,1423609717652272616
-4.071502,-6.546612,-1.4039655,-0.8648071,0.49824524,0.91682434,-14.338684,-17.939758,-46.499634,0.0065638623,8.415826,5.0343046,1423609717662434969
-4.016213,-6.2386646,-1.021347,-0.8551941,0.40745544,1.0706329,-14.338684,-17.939758,-46.499634,0.04177048,8.3684435,5.1125145,1423609717672444735
-3.2604163,-6.0412083,-0.7063117,-0.85946655,0.3839569,1.1881256,-14.399719,-17.338562,-46.679688,0.093723446,8.3200245,5.1902604,1423609717682576571
-2.351429,-5.622755,-0.71887636,-0.9118042,0.43095398,1.2404633,-14.399719,-17.338562,-46.679688,0.16231376,8.269937,5.268034,1423609717692738924
-2.1747932,-5.4916325,-0.7196021,-0.99191284,0.49824524,1.2863922,-14.518738,-16.619873,-47.158813,0.23723382,8.216485,5.348222,1423609717703267489
-2.2103102,-5.4576654,-1.2085056,-1.0869751,0.50679016,1.3558197,-14.518738,-16.619873,-47.158813,0.31496844,8.155997,5.436073,1423609717713002596
-2.6894317,-5.393056,-1.3131471,-1.1702881,0.4394989,1.4957428,-14.219666,-15.899658,-47.399902,0.38678378,8.093358,5.524341,1423609717723195467
-2.6530404,-5.12689,-0.82184315,-1.2098083,0.33161926,1.6890717,-14.219666,-15.899658,-47.399902,0.47134605,8.019848,5.6240783,1423609717733083162
-1.1872224,-4.5398045,-0.17960978,-1.2236938,0.2429657,1.7969513,-14.639282,-14.639282,-47.758484,0.5734016,7.9412274,5.7252517,1423609717743184481
0.38088107,-3.9398394,0.6207361,-1.2514648,0.25364685,1.7862701,-14.639282,-14.639282,-47.758484,0.69763786,7.854705,5.8298626,1423609717753163729
1.0459449,-3.6008763,1.2749515,-1.29953,0.36793518,1.7617035,-15.058899,-13.139343,-47.938538,0.82623833,7.7634254,5.9343867,1423609717763326082
0.86671495,-3.3526034,1.3555117,-1.3710938,0.5035858,1.7649078,-15.058899,-13.139343,-47.938538,0.94951904,7.6647434,6.0432196,1423609717773579989
1.2666626,-3.0883684,1.0689006,-1.5184937,0.551651,1.7029572,-15.299988,-11.878967,-48.179626,1.0639858,7.5582657,6.1571856,1423609717783864412
1.8899221,-2.5077147,0.97352076,-1.5184937,0.551651,1.7029572,-15.299988,-11.878967,-48.179626,1.1695042,7.441588,6.2789664,1423609717793446932
1.6666232,-1.8207831,1.1469073,-1.5227661,0.4597931,1.6869354,-15.59906,-10.379028,-48.4787,1.2612166,7.325629,6.3964734,1423609717803639803
1.5681337,-1.5801096,2.3004885,-1.4640198,0.33055115,1.7179108,-15.59906,-10.379028,-48.4787,1.456333,7.072117,6.6358604,1423609717813558016
1.5681337,-1.5801096,2.3004885,-1.4223633,0.30491638,1.7563629,-16.139221,-8.879089,-48.719788,1.456333,7.072117,6.6358604,1423609717823781405
2.1782131,-1.3614311,2.183146,-1.5291748,0.4811554,1.7050934,-16.139221,-8.879089,-48.719788,1.5647912,6.941593,6.748044,1423609717834004793
2.9413686,-1.0911403,2.0961642,-1.6391907,0.68089294,1.6313934,-16.139221,-7.1990967,-49.079895,1.6665294,6.8054967,6.8613615,1423609717844045077
3.1491814,-0.4517498,2.0723414,-1.6958008,0.75138855,1.5320587,-16.139221,-7.1990967,-49.079895,1.7465655,6.6626573,6.9806085,1423609717853932772
3.5186276,-0.15162897,1.6975975,-1.6872559,0.700119,1.4615631,-16.319275,-5.3390503,-49.198914,1.8081257,6.515274,7.102976,1423609717864064608
2.9378078,-0.11924839,1.3351207,-1.6712341,0.5943756,1.432724,-16.319275,-5.3390503,-49.198914,1.9112668,6.209872,7.3454022,1423609717874013338
2.9378078,-0.11924839,1.3351207,-1.6958008,0.49931335,1.4348602,-16.679382,-3.2989502,-49.55902,1.9112668,6.209872,7.3454022,1423609717884206209
2.8341227,-0.30079508,1.0007563,-1.7128906,0.44377136,1.450882,-16.679382,-3.2989502,-49.55902,1.9666299,6.0518646,7.461748,1423609717894124422
2.8675184,0.077543736,1.374722,-1.6958008,0.40745544,1.4775848,-16.558838,-1.4389038,-49.61853,2.0237992,5.893805,7.572165,1423609717904622469
2.9811502,0.34071732,1.812541,-1.6434631,0.3625946,1.4252472,-16.558838,-1.4389038,-49.61853,2.0859556,5.7232046,7.6853175,1423609717914479647
4.1075907,1.0436888,1.9506507,-1.5986023,0.3348236,1.266098,-16.43982,0.5996704,-49.61853,2.1465003,5.563865,7.7850065,1423609717924519930
5.1968446,1.5270109,1.9642591,-1.6274414,0.37220764,1.1101532,-16.43982,0.5996704,-49.61853,2.204618,5.4058256,7.8795366,1423609717934407625
4.8767996,1.5145259,1.5094337,-1.753479,0.40318298,1.0353851,-16.319275,2.6397705,-49.49951,2.2502527,5.2527757,7.969636,1423609717944631014
2.994713,0.64074993,0.62850666,-1.9030151,0.4192047,1.0471344,-16.319275,2.6397705,-49.49951,2.282191,5.088881,8.066305,1423609717954579744
2.4558413,0.6191168,1.5949564,-1.9521484,0.38609314,1.135788,-16.139221,4.4387817,-49.25995,2.3061116,4.916223,8.165965,1423609717964772616
2.8476183,0.9570303,2.5858526,-1.8656311,0.27394104,1.2361908,-16.139221,4.4387817,-49.25995,2.3317547,4.7273235,8.269567,1423609717974904452
3.6314132,1.5312061,3.632269,-1.6498718,0.11265564,1.2831879,-15.7196045,6.5994263,-49.079895,2.3665156,4.536611,8.365952,1423609717984975252
4.0385246,2.1497006,5.3327436,-1.3240967,0.011184692,1.3066864,-15.7196045,6.5994263,-49.079895,2.413337,4.3555956,8.448372,1423609717994862948
4.0098057,2.261001,4.872223,-1.0901794,-0.008041382,1.3430023,-16.018677,8.459473,-48.658752,2.4696348,4.1987004,8.511299,1423609718005086336
4.4828653,2.7016597,3.4827251,-1.0036621,-0.043289185,1.359024,-16.018677,8.459473,-48.658752,2.5336745,4.060727,8.559286,1423609718014974032
6.6540327,4.2154884,2.6357594,-1.0015259,-0.12339783,1.3088226,-15.9591675,10.258484,-48.239136,2.673375,3.8218281,8.6265335,1423609718025197420
6.6540327,4.2154884,2.6357594,-1.012207,-0.19068909,1.2073517,-15.9591675,10.258484,-48.239136,2.673375,3.8218281,8.6265335,1423609718035451327
7.463717,4.8391895,3.506671,-0.9758911,-0.22486877,1.0781097,-15.9591675,12.059021,-47.51892,2.749677,3.703053,8.654309,1423609718045369539
8.066962,5.258232,4.6527977,-0.88082886,-0.18962097,0.9221649,-15.9591675,12.059021,-47.51892,2.8230126,3.5914435,8.677703,1423609718055287752
8.462622,5.6852674,5.016032,-0.76760864,-0.09989929,0.73524475,-15.9591675,13.619995,-47.039795,2.8903973,3.4892187,8.697204,1423609718065480623
8.254991,6.0803566,4.8877563,-0.6714783,5.0354004E-4,0.5547333,-15.9591675,13.619995,-47.039795,2.9460144,3.3986604,8.714384,1423609718075398836
7.809503,5.987282,4.112481,-0.61380005,0.070999146,0.41374207,-15.838623,15.058899,-46.618652,2.984826,3.3252587,8.729482,1423609718085622225
7.4686546,5.790264,3.9906425,-0.5401001,0.09663391,0.3037262,-15.838623,15.058899,-46.618652,3.0102,3.2606804,8.745115,1423609718095540438
7.027582,5.47507,3.9040833,-0.43756104,0.091293335,0.22148132,-15.779114,16.19873,-46.258545,3.0257819,3.207109,8.759537,1423609718106099520
6.7961345,5.251791,3.7279253,-0.32540894,0.06993103,0.16273499,-15.779114,16.19873,-46.258545,3.03688,3.160486,8.772633,1423609718115712557
6.4596252,4.9590693,3.587675,-0.2036438,0.040023804,0.1360321,-15.9591675,17.219543,-45.77942,3.046238,3.129311,8.7805605,1423609718125966463
6.460271,4.692953,3.17622,-0.10644531,0.034683228,0.11894226,-15.9591675,17.219543,-45.77942,3.0567112,3.1071808,8.784779,1423609718135854159
6.8636885,4.704253,2.7477427,-0.022064209,0.017593384,0.079422,-16.018677,17.999268,-45.359802,3.069125,3.0964437,8.784242,1423609718146047030
8.003758,4.9666834,2.3174877,0.07833862,-0.039016724,-0.02204895,-16.018677,17.999268,-45.359802,3.099362,3.1035225,8.771116,1423609718155965243
8.014003,4.606966,1.9516048,0.19262695,-0.09135437,-0.16838074,-15.7196045,18.659973,-44.93866,3.1167727,3.1252275,8.75723,1423609718166188631
8.014003,4.606966,1.9516048,0.2738037,-0.08494568,-0.32432556,-15.7196045,18.659973,-44.93866,3.1167727,3.1252275,8.75723,1423609718176412020
7.7945137,4.3868947,1.2346478,0.31332397,-0.06465149,-0.47279358,-15.7196045,19.259644,-44.758606,3.1313775,3.1604784,8.73935,1423609718186421786
7.5155725,4.173944,0.2479248,0.31652832,-0.08067322,-0.6095123,-15.7196045,19.259644,-44.758606,3.1399596,3.2053688,8.7199,1423609718196370516
6.908613,3.3604946,-0.62082386,0.30584717,-0.119125366,-0.7494354,-15.7196045,19.439697,-44.758606,3.144195,3.3103638,8.67905,1423609718206471834
6.4406433,2.7227712,-0.8791008,0.27807617,-0.1287384,-0.86906433,-15.7196045,19.439697,-44.758606,3.1416273,3.365217,8.658862,1423609718216390047
6.4406433,2.7227712,-0.8791008,0.22253418,-0.0934906,-0.96199036,-15.539551,19.558716,-44.81964,3.1416273,3.365217,8.658862,1423609718226613436
5.8945475,2.14118,-1.0348024,0.15844727,-0.0443573,-1.0356903,-15.539551,19.558716,-44.81964,3.1323595,3.4202414,8.64064,1423609718236531649
5.698486,1.7352929,-1.2711143,0.118927,-0.04649353,-1.1147308,-15.838623,19.439697,-44.81964,3.116615,3.4704108,8.626317,1423609718246755037
5.540401,1.3871703,-1.5626535,0.107177734,-0.119125366,-1.208725,-15.838623,19.439697,-44.81964,3.0946267,3.5192068,8.614456,1423609718256673250
5.073352,0.874974,-1.6562862,0.11251831,-0.23127747,-1.2866974,-16.139221,19.378662,-44.87915,3.0725017,3.5659523,8.603145,1423609718266896639
4.251009,0.03437233,-1.48874,0.15097046,-0.3466339,-1.3411713,-16.139221,19.378662,-44.87915,3.0398898,3.6660833,8.572589,1423609718276845369
3.7362123,-0.39521003,-1.6794081,0.20437622,-0.4641266,-1.3871002,-16.139221,19.259644,-44.758606,3.0330305,3.723169,8.550387,1423609718287068758
3.3782363,-0.8795953,-2.0839605,0.2236023,-0.54530334,-1.4138031,-16.139221,19.259644,-44.758606,3.0324683,3.7820163,8.524721,1423609718296986971
2.9542534,-1.0335851,-2.3984003,0.19155884,-0.5752106,-1.4351654,-16.319275,18.899536,-44.699097,3.0338657,3.842878,8.496961,1423609718307210360
2.2705488,-1.2948742,-2.3655863,0.12960815,-0.57948303,-1.4565277,-16.319275,18.899536,-44.699097,3.0334892,3.8997684,8.471135,1423609718317403231
1.6988561,-1.6573343,-2.3340416,0.082611084,-0.60298157,-1.450119,-16.738892,18.598938,-44.93866,3.0320868,3.9503074,8.44819,1423609718327351961
1.2442367,-1.8889537,-2.5210304,0.06124878,-0.67134094,-1.4063263,-16.738892,18.598938,-44.93866,3.0339103,3.996894,8.425592,1423609718337270174
1.384531,-1.866365,-2.5255003,0.044158936,-0.77708435,-1.3433075,-16.799927,17.999268,-44.999695,3.0447958,4.0417194,8.400245,1423609718347493563
1.4050992,-1.9808784,-2.6714458,0.0035705566,-0.8507843,-1.311264,-16.799927,17.999268,-44.999695,3.0642946,4.081393,8.373931,1423609718357411776
1.3206472,-2.0665798,-2.8752928,-0.07867432,-0.87641907,-1.2952423,-16.97998,17.518616,-44.999695,3.0887265,4.1166444,8.347657,1423609718367635164
1.4396758,-1.9304562,-2.9692774,-0.1758728,-0.922348,-1.2952423,-16.97998,17.518616,-44.999695,3.1154528,4.1436753,8.324319,1423609718377522860
1.4396758,-1.9304562,-2.9692774,-0.2527771,-1.0377045,-1.3262177,-17.57965,17.098999,-44.578552,3.1154528,4.1436753,8.324319,1423609718387807284
1.3794093,-2.0940638,-2.0070019,-0.2880249,-1.1925812,-1.3657379,-17.57965,17.098999,-44.578552,3.1891687,4.1814427,8.277386,1423609718397694979
0.8358228,-2.301035,-1.1865778,-0.2730713,-1.3325043,-1.4084625,-17.999268,16.738892,-44.27948,3.2394469,4.1987257,8.249064,1423609718407887850
0.36143732,-2.4963346,-1.0607452,-0.23995972,-1.3965912,-1.412735,-17.999268,16.738892,-44.27948,3.2941935,4.2186155,8.217175,1423609718417806063
0.12557459,-2.5306864,-1.2169523,-0.2527771,-1.3837738,-1.3860321,-18.23883,16.558838,-43.919373,3.3520758,4.2407384,8.182304,1423609718428029452
-0.08596754,-2.5098872,-1.3887529,-0.31365967,-1.3453217,-1.357193,-18.23883,16.558838,-43.919373,3.4063344,4.2593527,8.150165,1423609718437947664
-0.25365448,-2.5387182,-1.4075642,-0.4065857,-1.3186188,-1.329422,-18.899536,16.319275,-43.618774,3.4597735,4.272127,8.120916,1423609718448171053
-0.3621874,-2.5702906,-1.2170038,-0.51660156,-1.3058014,-1.3155365,-18.899536,16.319275,-43.618774,3.5101504,4.2761655,8.097138,1423609718458089266
-0.48575664,-2.5780973,-1.0874033,-0.61273193,-1.3068695,-1.3144684,-19.67926,16.19873,-42.959595,3.5612426,4.272318,8.076834,1423609718468312655
-0.48575664,-2.5780973,-1.0874033,-0.7013855,-1.3282318,-1.3283539,-19.67926,16.19873,-42.959595,3.5612426,4.272318,8.076834,1423609718478230868
-0.772908,-2.6800256,-0.94995403,-0.7911072,-1.3549347,-1.3347626,-20.219421,15.9591675,-42.059326,3.610669,4.2618494,8.060403,1423609718488454256
-1.672745,-2.7124653,0.2001419,-0.87335205,-1.3624115,-1.3048553,-20.219421,15.9591675,-42.059326,3.711888,4.221012,8.035878,1423609718498372469
-1.931809,-2.7664642,0.4824505,-0.9203491,-1.3474579,-1.2546539,-21.238708,15.838623,-41.09955,3.7646577,4.19035,8.027372,1423609718508595858
-1.931809,-2.7664642,0.4824505,-0.96307373,-1.330368,-1.2023163,-21.238708,15.838623,-41.09955,3.7646577,4.19035,8.027372,1423609718518544588
-2.0830078,-2.7733388,0.8832722,-0.98550415,-1.3260956,-1.1681366,-22.019958,15.658569,-39.959717,3.8165138,4.1553526,8.021076,1423609718528798494
-2.497025,-2.8026905,1.5794916,-0.95666504,-1.3250275,-1.1371613,-22.019958,15.658569,-39.959717,3.8700862,4.11531,8.016049,1423609718538655672
-3.2178721,-3.0028558,1.5030556,-0.94277954,-1.3399811,-1.0730743,-22.619629,15.539551,-38.99994,3.9216173,4.076265,8.010953,1423609718548879061
-3.798605,-3.0130138,1.3976116,-0.97802734,-1.338913,-0.9662628,-22.619629,15.539551,-38.99994,3.9771922,4.036793,8.003538,1423609718558797274
-3.6408134,-2.6750722,2.1300611,-1.0057983,-1.3122101,-0.87120056,-23.399353,15.419006,-37.85858,4.0348454,3.994865,7.9957156,1423609718569051180
-3.0365677,-2.095241,3.6246777,-0.98443604,-1.2630768,-0.8039093,-23.399353,15.419006,-37.85858,4.1592274,3.8944733,7.981497,1423609718578969393
-3.1018677,-1.8282838,3.7505417,-0.9417114,-1.1968536,-0.7633209,-24.179077,15.179443,-36.65924,4.2200336,3.8436308,7.9742217,1423609718589192782
-3.1018677,-1.8282838,3.7505417,-0.8957825,-1.1487885,-0.7344818,-24.179077,15.179443,-36.65924,4.2200336,3.8436308,7.9742217,1423609718599080477
-3.4002066,-1.7218518,3.8393116,-0.84664917,-1.1413116,-0.6970978,-24.778748,15.179443,-35.639954,4.274984,3.7972023,7.967192,1423609718609303866
-3.6328611,-1.5151825,4.3457146,-0.80178833,-1.1188812,-0.65437317,-24.778748,15.179443,-35.639954,4.3304334,3.7524624,7.95844,1423609718619222078
-3.6224332,-1.3034041,5.2384186,-0.75479126,-1.0067291,-0.61805725,-25.2594,15.238953,-34.67865,4.3836155,3.7112162,7.9486585,1423609718629445467
-3.6516871,-1.17188,5.4144354,-0.7291565,-0.85398865,-0.58387756,-25.2594,15.238953,-34.67865,4.434706,3.6714795,7.938766,1423609718639394198
-3.62926,-0.8998375,5.420535,-0.71313477,-0.71299744,-0.5571747,-25.619507,15.359497,-33.779907,4.4750376,3.6349967,7.9329205,1423609718649617586
-3.3764086,-0.7124388,5.7609425,-0.67041016,-0.60298157,-0.55397034,-25.619507,15.359497,-33.779907,4.506289,3.5982964,7.931961,1423609718659505282
-3.5796957,-0.600976,5.896413,-0.6116638,-0.5228729,-0.5529022,-25.979614,15.478516,-32.818604,4.5264955,3.564746,7.935604,1423609718669728670
-4.1485686,-0.62958837,5.898781,-0.5689392,-0.47053528,-0.5176544,-25.979614,15.478516,-32.818604,4.539305,3.5344927,7.9418173,1423609718679646883
-4.515889,-0.72291374,6.1018724,-0.53048706,-0.41285706,-0.46424866,-26.399231,15.658569,-32.159424,4.5461464,3.508089,7.949607,1423609718689870272
-4.417103,-0.5862553,6.3142366,-0.5059204,-0.31993103,-0.4247284,-26.399231,15.658569,-32.159424,4.550861,3.4823496,7.958222,1423609718699788485
-4.110566,-0.17796445,7.171983,-0.4621277,-0.17359924,-0.4108429,-26.818848,15.838623,-31.559753,4.550506,3.4578059,7.9691195,1423609718710042391
-4.109514,-0.23689628,7.8473177,-0.3788147,-0.02619934,-0.39268494,-26.818848,15.838623,-31.559753,4.54136,3.4334874,7.984836,1423609718719930086
-4.4373984,-0.40654302,8.390711,-0.26239014,0.12226868,-0.34461975,-26.879883,16.19873,-30.958557,4.5200844,3.4135022,8.00545,1423609718730153475
-5.247336,-0.4865446,8.464148,-0.14916992,0.26753235,-0.26023865,-26.879883,16.19873,-30.958557,4.444244,3.3920498,8.056866,1423609718740071688
-5.247336,-0.4865446,8.464148,-0.009246826,0.3839569,-0.13633728,-26.818848,16.319275,-30.659485,4.444244,3.3920498,8.056866,1423609718750325594
-5.3786144,-0.39655972,8.489603,0.17233276,0.45658875,0.018539429,-26.818848,16.319275,-30.659485,4.393098,3.3899984,8.085728,1423609718760213289
-5.206108,-0.120316505,7.765707,0.3645935,0.4330902,0.17234802,-26.579285,16.378784,-30.299377,4.3410687,3.3954897,8.111483,1423609718770467196
-4.738056,0.16937518,7.186738,0.54190063,0.34016418,0.29945374,-26.579285,16.378784,-30.299377,4.292255,3.4107459,8.131036,1423609718780354891
-4.009374,0.75929856,6.625086,0.665802,0.2429657,0.37101746,-26.69983,16.499329,-30.299377,4.255679,3.4356117,8.139789,1423609718790578280
-3.3864756,1.2120423,6.164195,0.721344,0.17460632,0.4019928,-26.69983,16.499329,-30.299377,4.23118,3.47065,8.137695,1423609718800496493
-2.823357,1.4170673,6.207777,0.721344,0.17140198,0.4094696,-26.759338,16.558838,-30.299377,4.216595,3.509904,8.128425,1423609718810750399
-2.1777787,1.6636465,7.1726007,0.7234802,0.30064392,0.39024353,-26.759338,16.558838,-30.299377,4.206096,3.5515065,8.115784,1423609718820638094
-1.7646303,1.6805499,8.758739,0.7854309,0.58262634,0.3678131,-26.69983,16.558838,-30.419922,4.1900353,3.59059,8.10689,1423609718830861483
-1.4094038,1.370297,9.125141,0.9050598,0.8688812,0.3678131,-26.69983,16.558838,-30.419922,4.156776,3.6335177,8.104884,1423609718840810213
-1.2017536,1.3824484,8.742293,1.0674133,1.0237579,0.37635803,-26.638794,16.378784,-30.53894,4.1018133,3.6832023,8.110458,1423609718851033602
-1.155499,1.519175,7.838505,1.2254944,1.0419159,0.38917542,-26.638794,16.378784,-30.53894,4.028544,3.746843,8.118029,1423609718860951815
-0.9204588,1.5025177,6.682496,1.3162842,0.99598694,0.39024353,-26.519775,16.079712,-30.899048,3.9523187,3.8218818,8.120516,1423609718871144686
-0.46255016,1.5364885,6.270918,1.3461914,0.97569275,0.366745,-26.519775,16.079712,-30.899048,3.8772333,3.9093983,8.115051,1423609718881062899
-0.39641476,1.3603363,5.975292,1.351532,0.97462463,0.35606384,-26.579285,15.779114,-31.739807,3.8071618,3.9997349,8.1041975,1423609718891316805
-0.5649891,1.1597042,6.0322056,1.3857117,0.9671478,0.3806305,-26.579285,15.779114,-31.739807,3.7353847,4.0949297,8.090046,1423609718901204500
-0.4269519,1.0958772,6.3312626,1.5469971,1.0686188,0.45326233,-26.69983,15.419006,-32.398987,3.6672416,4.187496,8.073822,1423609718911427889
0.64554286,0.805851,6.747155,1.5469971,1.0686188,0.45326233,-26.69983,15.419006,-32.398987,3.5272896,4.3910394,8.027913,1423609718921346102
0.64554286,0.805851,6.747155,1.741394,1.2833099,0.4724884,-26.998901,14.93988,-33.4198,3.5272896,4.3910394,8.027913,1423609718931569491
1.1556165,0.5676031,6.6352167,1.8791809,1.2971954,0.44258118,-26.998901,14.93988,-33.4198,3.449905,4.503518,7.9991794,1423609718941487703
1.623667,0.4724226,6.230462,2.0158997,1.2608795,0.4084015,-26.69983,14.279175,-34.259033,3.3678324,4.625484,7.964483,1423609718951711092
1.9040043,0.15585089,5.6293726,2.1002808,1.2032013,0.34965515,-26.69983,14.279175,-34.259033,3.2850375,4.76296,7.9178996,1423609718961629305
2.325263,0.031173706,4.5969753,2.102417,1.172226,0.24711609,-26.579285,13.499451,-35.51941,3.2091033,4.906175,7.8613925,1423609718971883211
2.9231973,-0.049880505,3.9709196,2.0992126,1.1978607,0.1360321,-26.579285,13.499451,-35.51941,3.133135,5.059677,7.7944546,1423609718981801424
3.1756523,-0.34479666,3.6691866,2.1013489,1.2971954,0.04951477,-26.278687,12.478638,-36.898804,3.0567856,5.2097526,7.725602,1423609718991994295
2.5155873,-1.466713,3.9948149,2.1355286,1.4200287,0.019607544,-26.278687,12.478638,-36.898804,2.8725421,5.516917,7.5817223,1423609719001943026
2.5155873,-1.466713,3.9948149,2.18573,1.5172272,0.04096985,-25.79956,11.279297,-38.339233,2.8725421,5.516917,7.5817223,1423609719012135897
2.228181,-2.4001327,2.7497892,2.2167053,1.5631561,0.07194519,-25.79956,11.279297,-38.339233,2.6604087,5.827939,7.424806,1423609719022054110
2.228181,-2.4001327,2.7497892,2.2081604,1.524704,0.09010315,-25.138855,10.018921,-39.89868,2.6604087,5.827939,7.424806,1423609719032308016
2.421815,-2.6287932,1.5331383,2.148346,1.4648895,0.10185242,-25.138855,10.018921,-39.89868,2.5548997,5.9864426,7.335215,1423609719042256746
2.5442815,-2.6848512,-0.34028482,2.074646,1.3730316,0.10932922,-24.479675,8.399963,-41.33911,2.4597235,6.1372843,7.2425056,1423609719052419100
2.7125833,-2.648728,-0.84727716,1.991333,1.2726288,0.08369446,-24.479675,8.399963,-41.33911,2.3706172,6.285024,7.1448607,1423609719062367830
2.815173,-2.7519646,-0.36833334,1.9421997,1.2416534,0.039901733,-23.939514,6.7199707,-42.718506,2.2912588,6.4218035,7.0484724,1423609719072591219
2.3511925,-3.500793,-0.24214125,1.9251099,1.2662201,0.02494812,-23.939514,6.7199707,-42.718506,2.136253,6.682416,6.8521624,1423609719082509432
2.3511925,-3.500793,-0.24214125,1.9016113,1.3249664,0.04096985,-22.979736,4.9194336,-44.039917,2.136253,6.682416,6.8521624,1423609719092732821
2.5381594,-3.403171,-0.8666463,1.8482056,1.3847809,0.046310425,-22.979736,4.9194336,-44.039917,2.0562456,6.8105383,6.749727,1423609719102620516
2.5015166,-3.3849125,-1.0142651,1.8182983,1.4221649,0.050582886,-22.138977,3.0593872,-45.239258,1.9771656,6.9300413,6.650995,1423609719112843905
2.2868598,-3.6532488,-1.2664618,1.8161621,1.4243011,0.08583069,-22.138977,3.0593872,-45.239258,1.8933922,7.049131,6.5494432,1423609719122762118
2.1095548,-3.9489408,-1.7059779,1.8300476,1.3794403,0.13816833,-21.1792,1.0787964,-46.37909,1.8136669,7.1617603,6.449045,1423609719132985506
2.111525,-3.8082676,-2.8204737,1.8193665,1.2769012,0.1776886,-21.1792,1.0787964,-46.37909,1.7377323,7.277179,6.3398223,1423609719142934237
2.2786229,-3.7755308,-3.517591,1.7627563,1.1583405,0.18302917,-20.219421,-0.71868896,-47.279358,1.6740354,7.387771,6.2280674,1423609719153127108
2.262516,-3.7930422,-3.8635087,1.6890564,1.0515289,0.18409729,-20.219421,-0.71868896,-47.279358,1.6189132,7.497098,6.110894,1423609719163075838
2.2235804,-3.9102898,-4.052127,1.6121521,0.977829,0.17982483,-19.259644,-2.6992798,-47.938538,1.5737382,7.598133,5.9968414,1423609719173268709
2.4038415,-3.324623,-4.6107163,1.5213623,0.9030609,0.16059875,-19.259644,-2.6992798,-47.938538,1.5005894,7.785239,5.7713656,1423609719183186922
2.4038415,-3.324623,-4.6107163,1.4263,0.8549957,0.12641907,-18.23883,-4.319763,-48.4787,1.5005894,7.785239,5.7713656,1423609719193440828
2.348194,-3.4130058,-4.3962407,1.3194885,0.838974,0.09010315,-18.23883,-4.319763,-48.4787,1.4370732,7.946828,5.563554,1423609719203328524
2.348194,-3.4130058,-4.3962407,1.2190857,0.87101746,0.066604614,-17.219543,-5.999756,-48.779297,1.4370732,7.946828,5.563554,1423609719213551912
2.2922983,-3.5972004,-4.1557074,1.1368408,0.9383087,0.04096985,-17.219543,-5.999756,-48.779297,1.4025631,8.018202,5.469154,1423609719223500643
1.9034655,-3.8806639,-4.099279,1.0748901,1.0034637,0.044174194,-16.079712,-7.6797485,-49.079895,1.3644755,8.081898,5.3843784,1423609719233724032
1.3895594,-3.9612293,-4.9914594,1.0246887,1.0226898,0.07835388,-16.079712,-7.6797485,-49.079895,1.2777258,8.198692,5.2267814,1423609719243611727
1.3895594,-3.9612293,-4.9914594,0.980896,0.92549133,0.10932922,-15.359497,-9.239197,-49.198914,1.2777258,8.198692,5.2267814,1423609719253835116
1.4816412,-4.1949797,-5.765765,0.9200134,0.76527405,0.12428284,-15.359497,-9.239197,-49.198914,1.2396111,8.25332,5.149414,1423609719263753328
1.1407433,-4.323927,-5.9976845,0.8473816,0.6136017,0.1499176,-14.518738,-10.798645,-49.438477,1.211148,8.303035,5.0757384,1423609719273976717
1.2568259,-4.1226826,-5.828048,0.78115845,0.49717712,0.15098572,-14.518738,-10.798645,-49.438477,1.1821569,8.39117,4.9357038,1423609719283894930
1.2568259,-4.1226826,-5.828048,0.7288208,0.42988586,0.13496399,-13.739014,-12.11853,-49.25995,1.1821569,8.39117,4.9357038,1423609719294118319
1.4042138,-3.962368,-5.432846,0.6957092,0.4320221,0.10185242,-13.739014,-12.11853,-49.25995,1.1762546,8.429937,4.870623,1423609719304067049
1.2329111,-3.8547697,-5.106456,0.6999817,0.44163513,0.07408142,-13.079834,-13.55896,-49.25995,1.1700057,8.465305,4.810413,1423609719314229403
1.0353647,-4.168789,-5.1227055,0.7298889,0.42134094,0.07835388,-13.079834,-13.55896,-49.25995,1.1605431,8.500514,4.7502403,1423609719324208651
1.0353647,-4.168789,-5.1227055,0.74057007,0.3839569,0.097579956,-13.079834,-13.55896,-49.25995,1.1605431,8.500514,4.7502403,1423609719334401522
0.843261,-4.478345,-5.583333,0.7063904,0.33055115,0.1360321,-12.539673,-14.518738,-49.25995,1.1505524,8.536,4.688637,1423609719344319735
0.41635823,-4.603014,-6.196959,0.63482666,0.24510193,0.19477844,-12.059021,-15.539551,-49.01886,1.1420732,8.573206,4.622358,1423609719354543123
-0.048562646,-4.759514,-7.0743127,0.5472412,0.15538025,0.255661,-12.059021,-15.539551,-49.01886,1.1412278,8.642118,4.492412,1423609719364491854
0.1802156,-4.851121,-7.1107154,0.43295288,0.11265564,0.29945374,-11.459351,-16.43982,-48.838806,1.1542374,8.669967,4.4350657,1423609719374684725
0.62195826,-4.862424,-6.9667807,0.28555298,0.1446991,0.3101349,-11.459351,-16.43982,-48.838806,1.1763083,8.692617,4.384643,1423609719384633455
0.57586336,-5.0541124,-6.6913466,0.14135742,0.22373962,0.31974792,-11.158752,-17.158508,-48.599243,1.2005847,8.70818,4.3470197,1423609719394856844
0.77543867,-5.0164766,-6.698536,0.027069092,0.28141785,0.30799866,-11.158752,-17.158508,-48.599243,1.2244617,8.717256,4.3220973,1423609719404775057
1.1029626,-4.6617584,-7.0252595,-0.074401855,0.28141785,0.2545929,-10.739136,-17.819214,-48.41919,1.2455325,8.720916,4.3086724,1423609719414998446
1.1023085,-4.46593,-7.2250676,-0.15771484,0.23335266,0.18730164,-10.739136,-17.819214,-48.41919,1.2629606,8.720441,4.3045588,1423609719424916659
0.8654852,-4.4596815,-7.277954,-0.22180176,0.16712952,0.13496399,-10.438538,-18.179321,-48.41919,1.2752906,8.716994,4.3079023,1423609719435109530
0.29008174,-4.711813,-7.0688577,-0.27841187,0.12974548,0.12428284,-10.438538,-18.179321,-48.41919,1.2837337,8.710685,4.3181467,1423609719445027743
-0.29384768,-4.89363,-6.8585215,-0.35211182,0.13935852,0.16273499,-10.379028,-18.359375,-48.298645,1.2901682,8.702312,4.333083,1423609719455281649
-0.7097925,-4.941885,-7.0649476,-0.47280884,0.17567444,0.23536682,-10.379028,-18.359375,-48.298645,1.297666,8.690667,4.3541646,1423609719465169344
-0.5774466,-5.03172,-7.495926,-0.6405029,0.20558167,0.29411316,-10.198975,-18.23883,-48.179626,1.3090668,8.674914,4.382077,1423609719475392733
0.098320484,-4.762553,-7.6736493,-0.82528687,0.21412659,0.2962494,-10.198975,-18.23883,-48.179626,1.3266242,8.651034,4.4238048,1423609719485341463
0.8054353,-4.527158,-6.731956,-0.9812317,0.20237732,0.24925232,-10.018921,-17.878723,-48.298645,1.3655267,8.577268,4.553703,1423609719495564852
0.8054353,-4.527158,-6.731956,-1.0901794,0.15644836,0.19477844,-10.018921,-17.878723,-48.298645,1.3655267,8.577268,4.553703,1423609719505452547
0.71647406,-4.6099844,-6.6053267,-1.1820374,0.054977417,0.15525818,-9.899902,-17.69867,-48.539734,1.3802364,8.530809,4.6357985,1423609719515706453
0.8490051,-4.7602806,-6.48024,-1.2600098,-0.1073761,0.117874146,-9.899902,-17.69867,-48.539734,1.3949133,8.47711,4.7289753,1423609719525624666
0.34579647,-4.989422,-5.751229,-1.3102112,-0.2761383,0.1285553,-10.079956,-17.279053,-48.779297,1.4109498,8.419931,4.8253875,1423609719535817537
0.2161802,-5.2069216,-3.301694,-1.3198242,-0.40538025,0.18943787,-10.079956,-17.279053,-48.779297,1.4662201,8.288153,5.032605,1423609719545735750
0.45173287,-5.2499924,-2.9348564,-1.2941895,-0.4513092,0.23536682,-10.198975,-16.619873,-49.139404,1.5101427,8.215935,5.1369514,1423609719555989657
0.45173287,-5.2499924,-2.9348564,-1.3208923,-0.4235382,0.26634216,-10.198975,-16.619873,-49.139404,1.5101427,8.215935,5.1369514,1423609719565907869
0.5476179,-5.3064413,-3.251422,-1.456543,-0.35838318,0.2962494,-10.559082,-15.59906,-49.679565,1.5569912,8.14417,5.236283,1423609719576314364
0.106595635,-5.296797,-3.388585,-1.6413269,-0.31565857,0.35820007,-10.559082,-15.59906,-49.679565,1.6053249,8.06254,5.3468466,1423609719586110506
0.1528871,-5.1480703,-2.9991055,-1.7780457,-0.37547302,0.43937683,-11.099243,-14.579773,-49.978638,1.651983,7.974304,5.4636817,1423609719596303377
0.7047801,-4.959815,-2.2431054,-1.8303833,-0.51860046,0.50239563,-11.099243,-14.579773,-49.978638,1.7080215,7.8690553,5.597413,1423609719606160555
1.454477,-4.6275544,-1.6743236,-1.7962036,-0.74931335,0.53764343,-11.279297,-13.378906,-50.45929,1.7752981,7.757399,5.7307477,1423609719616383944
2.8265486,-3.6954608,0.46620655,-1.7032776,-0.9575958,0.5088043,-11.279297,-13.378906,-50.45929,1.9598341,7.5183167,5.9836736,1423609719626302157
2.8265486,-3.6954608,0.46620655,-1.614624,-1.0110016,0.4372406,-11.819458,-11.999512,-50.93994,1.9598341,7.5183167,5.9836736,1423609719636708651
2.4036865,-3.697154,0.55351067,-1.6349182,-0.8710785,0.38703918,-11.819458,-11.999512,-50.93994,2.066237,7.398675,6.0959544,1423609719646474276
1.7467401,-3.5231447,-0.6612334,-1.818634,-0.67774963,0.3816986,-12.779236,-10.618591,-51.119995,2.1587324,7.2888336,6.195415,1423609719656697664
0.9459381,-3.962932,-0.54099226,-2.0525513,-0.53782654,0.37849426,-12.779236,-10.618591,-51.119995,2.3127866,7.031239,6.4329686,1423609719666585360
0.9459381,-3.962932,-0.54099226,-2.1903381,-0.5089874,0.42869568,-13.439941,-8.758545,-51.179504,2.3127866,7.031239,6.4329686,1423609719677022371
0.4425695,-3.9072776,0.05105257,-2.1785889,-0.662796,0.5355072,-13.439941,-8.758545,-51.179504,2.3809764,6.872145,6.57837,1423609719686757479
1.1939175,-3.4271054,1.3689861,-2.0952759,-0.8977814,0.62950134,-14.15863,-6.8389893,-51.239014,2.5524397,6.5440764,6.8432817,1423609719696950350
1.1939175,-3.4271054,1.3689861,-2.0301208,-1.0216827,0.6978607,-14.15863,-6.8389893,-51.239014,2.5524397,6.5440764,6.8432817,1423609719706868563
1.6975725,-2.994635,1.8032279,-2.0333252,-0.9896393,0.7384491,-15.058899,-4.8599243,-51.179504,2.6660697,6.3787203,6.9551697,1423609719717122469
2.5525994,-2.5067072,2.5507755,-2.067505,-0.8379669,0.7170868,-15.058899,-4.8599243,-51.179504,2.791511,6.2049375,7.0623374,1423609719727101717
2.8700655,-2.2121277,2.4465857,-2.124115,-0.7033844,0.65940857,-15.7196045,-2.8793335,-50.759888,2.908073,6.0313134,7.164967,1423609719737264071
2.258627,-1.9975157,1.5293474,-2.1935425,-0.6414337,0.55366516,-15.7196045,-2.8793335,-50.759888,3.1030574,5.6696963,7.375362,1423609719747151766
1.5249126,-2.4950094,1.2822962,-2.2512207,-0.6766815,0.50453186,-16.259766,-0.71868896,-50.15869,3.1878512,5.4775524,7.483609,1423609719757375155
1.5249126,-2.4950094,1.2822962,-2.2971497,-0.7866974,0.533371,-16.259766,-0.71868896,-50.15869,3.1878512,5.4775524,7.483609,1423609719767293368
1.1470068,-2.0834446,1.8935165,-2.3356018,-0.8443756,0.5760956,-17.338562,1.6799927,-49.438477,3.2733388,5.2847996,7.584625,1423609719777516756
1.1662834,-1.74154,2.2319517,-2.4103699,-0.8358307,0.62950134,-17.338562,1.6799927,-49.438477,3.3692207,5.0791936,7.6824822,1423609719787465487
2.13857,-1.4433432,3.0922031,-2.4787292,-0.746109,0.63591003,-17.999268,3.9596558,-48.719788,3.4677916,4.8695307,7.773833,1423609719797658358
3.3883264,-0.93078136,3.3721313,-2.5470886,-0.607254,0.5782318,-17.999268,3.9596558,-48.719788,3.653257,4.420222,7.9552336,1423609719807576571
3.3883264,-0.93078136,3.3721313,-2.61438,-0.48014832,0.45967102,-18.47992,6.298828,-47.698975,3.653257,4.420222,7.9552336,1423609719817830477
3.2034602,-0.5434375,3.6418886,-2.633606,-0.41712952,0.31547546,-18.47992,6.298828,-47.698975,3.725818,4.183183,8.049202,1423609719827718172
2.403937,-0.523685,4.0327578,-2.5449524,-0.51005554,0.23002625,-19.259644,8.758545,-46.679688,3.7800174,3.9533477,8.139588,1423609719837972078
1.5549364,-0.45741105,4.72097,-2.3484192,-0.71513367,0.2193451,-19.259644,8.758545,-46.679688,3.8297985,3.7200768,8.225817,1423609719847859774
0.22768879,-0.2038045,5.0667944,-2.1593628,-0.94477844,0.29945374,-19.979858,11.158752,-45.47882,3.962489,3.2998385,8.341471,1423609719858113680
0.22768879,-0.2038045,5.0667944,-2.0461426,-1.0441132,0.43510437,-19.979858,11.158752,-45.47882,3.962489,3.2998385,8.341471,1423609719868001375
0.8595395,-0.08537698,5.7435904,-1.9991455,-0.94477844,0.5344391,-20.458984,13.378906,-43.97888,4.0537405,3.1070366,8.371613,1423609719878255282
1.7273483,0.18984747,5.528013,-2.0279846,-0.7578583,0.5504608,-20.458984,13.378906,-43.97888,4.153431,2.9090338,8.393863,1423609719888173494
2.055544,0.7052455,5.084816,-2.0899353,-0.6403656,0.50453186,-20.878601,15.539551,-42.599487,4.2394886,2.7164874,8.415333,1423609719898366366
1.7219596,1.1770675,5.1173697,-2.0557556,-0.71406555,0.47035217,-20.878601,15.539551,-42.599487,4.312623,2.515916,8.440488,1423609719908315096
1.357995,1.4925876,5.983597,-1.9062195,-0.86680603,0.47569275,-21.1792,17.459106,-41.159058,4.378529,2.3205001,8.462514,1423609719918538485
1.3223591,1.9819705,6.7297945,-1.7620239,-0.9084625,0.49491882,-21.1792,17.459106,-41.159058,4.453963,2.1286578,8.473572,1423609719928487215
1.6514812,2.3085575,7.2975035,-1.6968689,-0.7525177,0.4938507,-21.359253,19.198608,-39.419556,4.5347323,1.954128,8.472778,1423609719938680086
1.8681564,2.199616,7.2392063,-1.7022095,-0.486557,0.47569275,-21.359253,19.198608,-39.419556,4.6123085,1.7836106,8.4685135,1423609719948598299
1.8850222,2.1264243,6.696432,-1.7096863,-0.2975006,0.44578552,-21.479797,20.698547,-37.55951,4.66942,1.6207513,8.469952,1423609719958821688
0.784297,2.729673,5.890069,-1.6637573,-0.30070496,0.40092468,-21.479797,20.698547,-37.55951,4.734056,1.2974875,8.489737,1423609719968739901
0.22817516,2.709267,6.4016705,-1.5548096,-0.43849182,0.40519714,-21.77887,22.019958,-35.81848,4.7650557,1.142968,8.494601,1423609719978963289
0.43288565,3.1157026,6.417389,-1.3999329,-0.58695984,0.4714203,-21.77887,22.019958,-35.81848,4.8069253,1.0040886,8.488561,1423609719988850985
0.43288565,3.1157026,6.417389,-1.1660156,-0.801651,0.5558014,-21.899414,22.918701,-34.13849,4.8069253,1.0040886,8.488561,1423609719999165926
2.4775562,4.279085,6.5490894,-1.1660156,-0.801651,0.5558014,-21.899414,22.918701,-34.13849,4.937329,0.7584985,8.439067,1423609720009023104
3.4970102,4.8370767,7.2626143,-1.2098083,-0.5442352,0.32722473,-21.839905,23.75946,-32.458496,4.9969172,0.6439164,8.413476,1423609720019246493
3.5576658,5.0947227,7.728073,-1.2493286,-0.3028412,0.15525818,-21.839905,23.75946,-32.458496,5.031583,0.54031366,8.400097,1423609720029164705
3.003727,5.2027917,7.917598,-1.2600098,-0.108444214,0.036697388,-21.71936,24.659729,-30.778503,5.0464444,0.4390565,8.397084,1423609720039388094
2.5632854,5.331131,8.152579,-1.2033997,-0.017654419,-0.033798218,-21.71936,24.659729,-30.778503,5.047415,0.34831586,8.400754,1423609720049306307
2.168436,5.4746156,8.771312,-1.0410461,-0.0443573,-0.07865906,-21.958923,25.379944,-29.159546,5.0443153,0.26722187,8.405585,1423609720059529696
1.8279223,5.3798175,9.209521,-0.80392456,-0.1565094,-0.092544556,-21.958923,25.379944,-29.159546,5.0458994,0.2068639,8.406337,1423609720069447909
1.3625822,5.2942266,9.910316,-0.5176697,-0.26759338,-0.057296753,-22.198486,26.159668,-27.719116,5.0558834,0.16605654,8.401241,1423609720079671297
1.2822437,5.3628845,10.449551,-0.23995972,-0.29216003,0.001449585,-22.198486,26.159668,-27.719116,5.070374,0.14817287,8.392839,1423609720089589510
1.2822437,5.3628845,10.449551,-0.035949707,-0.21739197,0.036697388,-22.198486,26.519775,-26.45874,5.070374,0.14817287,8.392839,1423609720099843416
1.8481078,5.630291,10.368485,0.058044434,-0.025131226,0.012130737,-22.198486,26.519775,-26.45874,5.084593,0.14818259,8.3842325,1423609720109731112
2.970076,6.1068654,10.003613,0.10824585,0.22587585,-0.08720398,-22.37854,26.818848,-25.559998,5.089249,0.16178799,8.381155,1423609720119985018
4.292123,6.493824,9.850878,0.22039795,0.42774963,-0.25382996,-22.37854,26.818848,-25.559998,5.0775614,0.18559657,8.387748,1423609720129903231
5.249998,6.5463285,9.672476,0.4201355,0.48970032,-0.42793274,-22.37854,27.23999,-24.778748,5.0488997,0.22252852,8.404135,1423609720140126619
4.8278375,6.311699,9.372149,0.67007446,0.45124817,-0.5635834,-22.37854,27.23999,-24.778748,5.007156,0.2816019,8.427305,1423609720150014315
4.579438,5.9284697,9.085814,0.91467285,0.40638733,-0.6757355,-22.37854,27.539063,-24.479675,4.964919,0.364419,8.449093,1423609720160268221
4.550224,5.189261,8.653986,1.1240234,0.3764801,-0.7697296,-22.37854,27.539063,-24.479675,4.924223,0.475478,8.467369,1423609720170155916
4.95689,4.4842534,7.099393,1.2628784,0.2985077,-0.8893585,-22.439575,27.719116,-24.299622,4.8891296,0.60505676,8.479428,1423609720180379305
5.123284,4.3764014,6.5585947,1.3258972,0.27928162,-1.0388947,-22.439575,27.719116,-24.299622,4.856615,0.75846463,8.485777,1423609720190328036
4.7652287,3.6262367,6.708889,1.3504639,0.3892975,-1.1692047,-22.619629,27.598572,-24.719238,4.8260884,0.9207232,8.487139,1423609720200520907
4.0425453,2.5558758,6.23969,1.3269653,0.5644684,-1.2322235,-22.619629,27.598572,-24.719238,4.7872195,1.0945463,8.488515,1423609720210439119
3.0733948,1.7874569,5.6412544,1.3130798,0.65953064,-1.2151337,-22.558594,27.418518,-25.138855,4.733461,1.2662228,8.494788,1423609720220662508
2.464797,1.3319951,5.140581,1.3365784,0.65205383,-1.1425018,-22.558594,27.418518,-25.138855,4.663426,1.4409407,8.505677,1423609720230611239
2.6355438,0.99436975,4.8476343,1.3846436,0.59651184,-1.0773468,-22.679138,26.939392,-26.039124,4.590773,1.6076785,8.515313,1423609720240804110
3.8932471,0.6585429,5.3725815,1.4359131,0.5868988,-1.0773468,-22.679138,26.939392,-26.039124,4.4526176,1.942374,8.518906,1423609720250722323
3.8932471,0.6585429,5.3725815,1.518158,0.6702118,-1.1414337,-22.799683,26.45874,-27.23999,4.4526176,1.942374,8.518906,1423609720260945711
4.004903,0.37608218,5.3087673,1.6516724,0.71720886,-1.2258148,-22.799683,26.45874,-27.23999,4.3781986,2.1188264,8.515418,1423609720270863924
3.8376384,-0.18212962,4.6496773,1.8118896,0.65953064,-1.2973785,-22.918701,25.91858,-28.619385,4.2976427,2.3002257,8.509384,1423609720281087313
2.7845025,-1.1179619,3.0543022,1.9325867,0.52067566,-1.357193,-22.918701,25.91858,-28.619385,4.131662,2.7102616,8.470787,1423609720291036043
2.7845025,-1.1179619,3.0543022,1.9966736,0.4256134,-1.3710785,-22.979736,25.019836,-30.059814,4.131662,2.7102616,8.470787,1423609720301228914
2.650762,-1.7496774,2.8114243,2.0340576,0.39463806,-1.3710785,-22.979736,25.019836,-30.059814,4.056156,2.9305255,8.433861,1423609720311147127
2.545805,-2.037888,2.475504,2.046875,0.3967743,-1.3881683,-22.979736,23.878479,-31.678772,3.985304,3.1469634,8.389539,1423609720321370516
2.5158033,-2.2576487,2.1833649,2.0255127,0.43095398,-1.4148712,-22.979736,23.878479,-31.678772,3.9106398,3.370437,8.337712,1423609720331288729
2.4841757,-2.8071334,1.7556276,1.9699707,0.5035858,-1.4533234,-23.15979,22.558594,-33.47931,3.8337998,3.5846212,8.283892,1423609720341512118
2.4256787,-3.1147485,1.4783726,1.8823853,0.6424408,-1.5013885,-23.15979,22.558594,-33.47931,3.7462354,3.8009841,8.227309,1423609720351491366
1.988822,-3.4546661,1.4413948,1.8129578,0.7898407,-1.5270233,-23.278809,21.238708,-34.979248,3.6471677,4.004931,8.174906,1423609720361653719
1.3960636,-3.9094439,1.0546846,1.7990723,0.8304291,-1.5120697,-23.278809,21.238708,-34.979248,3.5294855,4.2048135,8.126048,1423609720371571932
1.0635488,-4.106507,0.81887436,1.8535461,0.74497986,-1.4864349,-23.339844,19.619751,-36.779785,3.4039617,4.393927,8.079408,1423609720381795321
0.6107094,-4.7220345,0.79594517,1.9753113,0.55485535,-1.4629364,-23.339844,19.619751,-36.779785,3.1585314,4.7766566,7.9610057,1423609720391713534
0.6107094,-4.7220345,0.79594517,2.0992126,0.3700714,-1.422348,-23.2193,17.999268,-38.459778,3.1585314,4.7766566,7.9610057,1423609720401936922
0.27035522,-4.6976542,0.7294483,2.2124329,0.26112366,-1.3732147,-23.2193,17.999268,-38.459778,3.0523696,4.978824,7.8781176,1423609720411855135
0.21532083,-4.6713758,0.5234051,2.2647705,0.23762512,-1.3401031,-23.15979,16.259766,-40.19928,2.9605665,5.1797624,7.783026,1423609720422078524
0.11554408,-4.891041,-1.1708269,2.213501,0.3070526,-1.3176727,-23.15979,16.259766,-40.19928,2.781884,5.590428,7.561655,1423609720432027254
0.11554408,-4.891041,-1.1708269,2.0671692,0.43095398,-1.2899017,-23.098755,13.859558,-41.819763,2.781884,5.590428,7.561655,1423609720442220125
0.14410281,-4.9345884,-1.7634649,1.9101563,0.48329163,-1.2631989,-23.098755,13.859558,-41.819763,2.6822927,5.784967,7.450494,1423609720452138338
0.75496435,-4.659006,-0.91358614,1.8108215,0.42668152,-1.2621307,-23.15979,11.639404,-43.43872,2.472087,6.1247344,7.2489176,1423609720462361727
0.75496435,-4.659006,-0.91358614,1.77771,0.4245453,-1.2995148,-23.15979,11.639404,-43.43872,2.472087,6.1247344,7.2489176,1423609720472279940
0.75694156,-4.8911138,-0.16182613,1.7723694,0.53456116,-1.3347626,-22.918701,9.47876,-44.459534,2.367332,6.2770123,7.1529884,1423609720482503328
-0.15272021,-5.1844363,-1.0314512,1.749939,0.68730164,-1.3454437,-22.918701,9.47876,-44.459534,2.1242177,6.577463,6.9566565,1423609720492452059
-0.15272021,-5.1844363,-1.0314512,1.7264404,0.75245667,-1.3251495,-22.619629,7.0785522,-45.359802,2.1242177,6.577463,6.9566565,1423609720502644930
-0.58309007,-5.502754,-1.71207,1.6965332,0.7118683,-1.2909698,-22.619629,7.0785522,-45.359802,1.8501585,6.8600297,6.759238,1423609720512563143
-0.58309007,-5.502754,-1.71207,1.7157593,0.61787415,-1.2418365,-22.079468,4.559326,-46.31958,1.8501585,6.8600297,6.759238,1423609720522786532
-0.8372011,-5.6971784,-1.7697654,1.7648926,0.50572205,-1.1777496,-22.079468,4.559326,-46.31958,1.7162794,6.9960628,6.6543126,1423609720532704744
-1.1853247,-5.6180696,-2.1841922,1.7702332,0.4192047,-1.0890961,-21.479797,2.218628,-46.85974,1.5952117,7.1266437,6.5449696,1423609720542928133
-0.82372737,-4.9762325,-2.570899,1.7029419,0.4053192,-1.0292816,-21.479797,2.218628,-46.85974,1.3794719,7.3825793,6.305947,1423609720552876864
-0.82372737,-4.9762325,-2.570899,1.6004028,0.44483948,-0.9929657,-20.939636,-0.119018555,-47.279358,1.3794719,7.3825793,6.305947,1423609720563069735
-0.99178874,-4.9785852,-2.5078678,1.518158,0.4533844,-0.9566498,-20.939636,-0.119018555,-47.279358,1.1757095,7.60502,6.078797,1423609720572987948
-0.99178874,-4.9785852,-2.5078678,1.4732971,0.4256134,-0.9160614,-20.339966,-2.6397705,-47.579956,1.1757095,7.60502,6.078797,1423609720583211336
-1.258304,-5.144924,-1.7584105,1.4455261,0.45872498,-0.85731506,-20.339966,-2.6397705,-47.579956,0.97921103,7.7988796,5.8642144,1423609720593160067
-1.3227036,-5.055772,-2.1177444,1.4230957,0.5324249,-0.7836151,-19.499207,-4.4387817,-47.579956,0.88297933,7.8901076,5.756469,1423609720603352938
-1.3227036,-5.055772,-2.1177444,1.3782349,0.61039734,-0.7141876,-19.499207,-4.4387817,-47.579956,0.88297933,7.8901076,5.756469,1423609720613271151
-1.2378918,-4.8769283,-2.6118436,1.3120117,0.6499176,-0.6490326,-18.47992,-6.4193726,-47.45941,0.7905157,7.974853,5.6521835,1423609720623494539
-0.87452984,-4.471367,-2.9428086,1.2607422,0.5997162,-0.6009674,-18.47992,-6.4193726,-47.45941,0.61277914,8.131187,5.447815,1423609720633412752
-0.87452984,-4.471367,-2.9428086,1.2233582,0.52708435,-0.57533264,-17.759705,-8.279419,-47.698975,0.61277914,8.131187,5.447815,1423609720643636141
-0.80896324,-4.331315,-2.684534,1.1902466,0.49717712,-0.5635834,-17.759705,-8.279419,-47.698975,0.5318557,8.203152,5.347506,1423609720653554354
-0.5775331,-4.219738,-2.5279064,1.1517944,0.52815247,-0.56999207,-17.098999,-9.838867,-47.639465,0.45804337,8.269314,5.251574,1423609720663777743
-1.1418834,-4.129856,-2.425109,1.1250916,0.58369446,-0.56785583,-17.098999,-9.838867,-47.639465,0.304423,8.393783,5.061831,1423609720673726473
-1.1418834,-4.129856,-2.425109,1.1133423,0.6007843,-0.5294037,-16.378784,-11.579895,-47.639465,0.304423,8.393783,5.061831,1423609720683919344
-1.2796584,-4.033022,-2.5121703,1.1133423,0.5868988,-0.47279358,-16.378784,-11.579895,-47.639465,0.22477332,8.45275,4.966979,1423609720693837557
-1.5176252,-4.1107664,-2.194038,1.1272278,0.5943756,-0.3980255,-15.658569,-13.319397,-47.51892,0.15068321,8.507977,4.8746295,1423609720704060946
-1.2962679,-3.9056692,-2.8214197,1.1325684,0.5708771,-0.31044006,-15.658569,-13.319397,-47.51892,0.019932043,8.618251,4.6792884,1423609720714040194
-1.2962679,-3.9056692,-2.8214197,1.1144104,0.5249481,-0.2495575,-14.93988,-14.759827,-47.51892,0.019932043,8.618251,4.6792884,1423609720724202547
-0.9546434,-3.3754263,-3.2038708,1.0513916,0.49076843,-0.22071838,-14.93988,-14.759827,-47.51892,-0.0323639,8.6725025,4.577886,1423609720734120760
-0.98729116,-2.9914312,-3.3807511,0.9798279,0.43736267,-0.19615173,-14.279175,-16.018677,-47.338867,-0.07756741,8.722811,4.4807305,1423609720744344149
-1.233589,-2.7530088,-3.4419227,0.9178772,0.34550476,-0.15022278,-14.279175,-16.018677,-47.338867,-0.15476365,8.81322,4.298091,1423609720754262362
-1.233589,-2.7530088,-3.4419227,0.8495178,0.27500916,-0.094680786,-13.739014,-17.399597,-47.158813,-0.15476365,8.81322,4.298091,1423609720764485750
-0.59225,-2.4609327,-2.6189346,0.78222656,0.26860046,-0.04875183,-13.739014,-17.399597,-47.158813,-0.20068082,8.887941,4.1393976,1423609720774403963
-0.6033293,-2.073453,-2.4140835,0.7021179,0.3348236,-0.029525757,-13.018799,-18.659973,-46.798706,-0.2183662,8.920285,4.0683184,1423609720784627352
-0.78510404,-1.9652615,-2.3210645,0.5974426,0.44056702,-0.016708374,-13.018799,-18.659973,-46.798706,-0.23783635,8.947491,4.007024,1423609720794545565
-1.0804901,-1.982727,-2.4105277,0.49383545,0.5292206,0.016403198,-12.419128,-19.499207,-46.37909,-0.2601818,8.970974,3.952761,1423609720804768953
-1.0804901,-1.982727,-2.4105277,0.4350891,0.51319885,0.09010315,-12.419128,-19.499207,-46.37909,-0.2601818,8.970974,3.952761,1423609720814687166
-0.92841065,-1.5317335,-2.5432024,0.4137268,0.40318298,0.15953064,-11.938477,-20.518494,-46.018982,-0.2780088,8.990782,3.906269,1423609720824910555
-0.17942262,-1.0748196,-2.386063,0.3987732,0.2846222,0.17875671,-11.938477,-20.518494,-46.018982,-0.2852032,9.0096245,3.862087,1423609720834828768
0.43974724,-0.77442074,-1.9523964,0.3912964,0.20024109,0.14884949,-11.579895,-21.11969,-45.599365,-0.28219888,9.02698,3.8215668,1423609720845052157
0.659331,-0.58978367,-1.466526,0.39343262,0.14042664,0.1007843,-11.579895,-21.11969,-45.599365,-0.27497995,9.043864,3.7819684,1423609720854970369
0.6192894,-0.49731922,-1.2885685,0.3987732,0.08595276,0.04310608,-11.399841,-21.539307,-45.359802,-0.26871318,9.059786,3.7441227,1423609720865193758
0.5749803,-0.37143803,-1.1544626,0.39556885,0.058181763,-0.018844604,-11.399841,-21.539307,-45.359802,-0.26518396,9.091282,3.6672404,1423609720875142489
0.5749803,-0.37143803,-1.1544626,0.34429932,0.09770203,-0.06690979,-11.158752,-22.079468,-44.93866,-0.26518396,9.091282,3.6672404,1423609720885335360
0.16171399,-0.53215885,-1.2456505,0.2663269,0.15110779,-0.08293152,-11.158752,-22.079468,-44.93866,-0.271724,9.105778,3.6306155,1423609720895253573
0.24558729,-0.307127,-0.8129003,0.22680664,0.18849182,-0.10215759,-10.739136,-22.558594,-44.639587,-0.28239545,9.117099,3.6012712,1423609720905476961
-0.15549341,-0.42154694,-0.85286236,0.2374878,0.17353821,-0.12672424,-10.739136,-22.558594,-44.639587,-0.31394112,9.134738,3.5536451,1423609720915425692
-0.15549341,-0.42154694,-0.85286236,0.23214722,0.15644836,-0.12245178,-10.679626,-22.859192,-44.33899,-0.31394112,9.134738,3.5536451,1423609720925618563
-0.3003983,-0.59167576,-1.331588,0.174469,0.12333679,-0.08506775,-10.679626,-22.859192,-44.33899,-0.3322725,9.143662,3.5289395,1423609720935536776
-0.24181539,-0.5225363,-1.3961143,0.10183716,0.07633972,-0.05836487,-10.679626,-23.039246,-44.459534,-0.34720656,9.151338,3.507543,1423609720945760164
0.4031306,-0.32923222,-0.5945399,0.052703857,0.052841187,-0.04234314,-10.679626,-23.039246,-44.459534,-0.36405167,9.15947,3.4845345,1423609720955708895
0.4031306,-0.32923222,-0.5945399,0.032409668,0.04750061,-0.072250366,-10.618591,-23.458862,-44.27948,-0.36405167,9.15947,3.4845345,1423609720965901766
0.465452,-0.31553173,-0.4948666,0.033477783,0.034683228,-0.114974976,-10.618591,-23.458862,-44.27948,-0.37012273,9.161098,3.4796102,1423609720975850496
-0.33368963,-0.50197124,-1.7000618,-0.033813477,-0.09669495,-0.10108948,-10.139465,-23.638916,-44.158936,-0.380963,9.163042,3.473316,1423609720986012850
0.09301892,-0.54186535,0.7233553,-0.067993164,-0.07319641,-0.0743866,-10.139465,-23.638916,-44.158936,-0.3951166,9.159708,3.4805212,1423609720995931063
-0.051273823,-0.5094547,0.35927725,-0.05303955,0.015457153,-0.059432983,-10.079956,-23.75946,-44.21997,-0.4005081,9.156838,3.4874477,1423609721006154452
0.048280597,-0.36268044,0.060939312,-0.037017822,0.040023804,-0.037002563,-10.079956,-23.75946,-44.21997,-0.40576473,9.154934,3.4918387,1423609721016072664
0.7281159,-0.19148827,0.63857937,-0.04663086,0.04109192,-0.02204895,-9.719849,-23.878479,-44.158936,-0.40823862,9.152827,3.4970686,1423609721026265536
1.0190792,-0.15347767,1.4851737,-0.04876709,0.117996216,-0.056228638,-9.719849,-23.878479,-44.158936,-0.41210592,9.149887,3.5042984,1423609721036183748
0.90788627,-0.2824707,1.2034376,0.004638672,0.2216034,-0.11390686,-9.599304,-23.999023,-44.039917,-0.42398623,9.147784,3.50837,1423609721046407137
0.2893401,-0.6178789,0.7589264,0.10076904,0.21626282,-0.16090393,-9.599304,-23.999023,-44.039917,-0.4434699,9.148275,3.5046809,1423609721056355868
0.019930124,-0.6808195,-0.37709045,0.21292114,0.12440491,-0.15983582,-9.539795,-23.939514,-44.099426,-0.4645213,9.15322,3.489007,1423609721066548739
-0.44990987,-0.9429779,-0.7806778,0.23214722,-0.011245728,-0.12565613,-9.539795,-23.939514,-44.099426,-0.48066965,9.160531,3.4675672,1423609721076497469
